name	smiles	source
Abacavir	Nc1nc(NC2CC2)c2ncn([C@H]3C=C[C@@H](CO)C3)c2n1	HIPS/molecule-autoencoder all_drugs.smi
Abiraterone	CC(=O)O[C@H]1CC[C@@]2(C)C(=CCC3C2CC[C@]2(C)C(c4cccnc4)=CCC32)C1	HIPS/molecule-autoencoder all_drugs.smi
Acamprosate	CC(=O)NCCCS(=O)(=O)O	HIPS/molecule-autoencoder all_drugs.smi
Acebutolol	CCCC(=O)Nc1ccc(OCC(O)CNC(C)C)c(C(C)=O)c1	HIPS/molecule-autoencoder all_drugs.smi
Acenocoumarol	CC(=O)CC(c1ccc([N+](=O)[O-])cc1)c1c(O)c2ccccc2oc1=O	HIPS/molecule-autoencoder all_drugs.smi
Acepromazine	CC(=O)c1ccc2c(c1)N(CCCN(C)C)c1ccccc1S2	HIPS/molecule-autoencoder all_drugs.smi
Aceprometazine	CC(=O)c1ccc2c(c1)N(CC(C)N(C)C)c1ccccc1S2	HIPS/molecule-autoencoder all_drugs.smi
Acetaminophen	CC(=O)Nc1ccc(O)cc1	HIPS/molecule-autoencoder all_drugs.smi
Acetazolamide	CC(=O)Nc1nnc(S(N)(=O)=O)s1	HIPS/molecule-autoencoder all_drugs.smi
Acetohexamide	CC(=O)c1ccc(S(=O)(=O)NC(=O)NC2CCCCC2)cc1	HIPS/molecule-autoencoder all_drugs.smi
Acetophenazine	CC(=O)c1ccc2c(c1)N(CCCN1CCN(CCO)CC1)c1ccccc1S2	HIPS/molecule-autoencoder all_drugs.smi
Acetylcysteine	CC(=O)N[C@@H](CS)C(=O)O	HIPS/molecule-autoencoder all_drugs.smi
Acetylsalicylic	CC(=O)Oc1ccccc1C(=O)O	HIPS/molecule-autoencoder all_drugs.smi
Acitretin	COc1cc(C)c(/C=C/C(C)=C/C=C/C(C)=C/C(=O)O)c(C)c1C	HIPS/molecule-autoencoder all_drugs.smi
Acyclovir	Nc1nc(=O)c2ncn(COCCO)c2[nH]1	HIPS/molecule-autoencoder all_drugs.smi
Adapalene	COc1ccc(-c2ccc3cc(C(=O)O)ccc3c2)cc1C12CC3CC(CC(C3)C1)C2	HIPS/molecule-autoencoder all_drugs.smi
Adefovir	CC(C)(C)C(=O)OCOP(=O)(COCCn1cnc2c(N)ncnc21)OCOC(=O)C(C)(C)C	HIPS/molecule-autoencoder all_drugs.smi
Adenine	Nc1ncnc2nc[nH]c12	HIPS/molecule-autoencoder all_drugs.smi
Adenosine	Nc1ncnc2c1ncn2[C@@H]1O[C@H](CO)[C@@H](O)[C@H]1O	HIPS/molecule-autoencoder all_drugs.smi
Adenosine	Nc1ncnc2c1ncn2[C@@H]1O[C@H](COP(=O)(O)O)[C@@H](O)[C@H]1O	HIPS/molecule-autoencoder all_drugs.smi
Adinazolam	CN(C)Cc1nnc2n1-c1ccc(Cl)cc1C(c1ccccc1)=NC2	HIPS/molecule-autoencoder all_drugs.smi
Afatinib	CN(C)C/C=C/C(=O)Nc1cc2c(Nc3ccc(F)c(Cl)c3)ncnc2cc1O[C@H]1CCOC1	HIPS/molecule-autoencoder all_drugs.smi
Agomelatine	COc1ccc2cccc(CCNC(C)=O)c2c1	HIPS/molecule-autoencoder all_drugs.smi
Albendazole	CCCSc1ccc2nc(NC(=O)OC)[nH]c2c1	HIPS/molecule-autoencoder all_drugs.smi
Alcaftadine	CN1CCC(=C2c3ccccc3CCn3c(C=O)cnc32)CC1	HIPS/molecule-autoencoder all_drugs.smi
Alendronate	NCCCC(O)(P(=O)(O)O)P(=O)(O)O	HIPS/molecule-autoencoder all_drugs.smi
Alfentanil	CCC(=O)N(c1ccccc1)C1(COC)CCN(CCn2nnn(CC)c2=O)CC1	HIPS/molecule-autoencoder all_drugs.smi
Alfuzosin	COc1cc2nc(N(C)CCCNC(=O)C3CCCO3)nc(N)c2cc1OC	HIPS/molecule-autoencoder all_drugs.smi
Alitretinoin	CC1=C(/C=C/C(C)=C\C=C\C(C)=C\C(=O)O)C(C)(C)CCC1	HIPS/molecule-autoencoder all_drugs.smi
Alizapride	C=CCN1CCCC1CNC(=O)c1cc2n[nH]nc2cc1OC	HIPS/molecule-autoencoder all_drugs.smi
Allopurinol	O=c1ncnc2[nH][nH]cc1-2	HIPS/molecule-autoencoder all_drugs.smi
Allylestrenol	C=CC[C@]1(O)CC[C@H]2[C@@H]3CCC4=CCCC[C@@H]4[C@H]3CC[C@@]21C	HIPS/molecule-autoencoder all_drugs.smi
Almitrine	C=CCNc1nc(NCC=C)nc(N2CCN(C(c3ccc(F)cc3)c3ccc(F)cc3)CC2)n1	HIPS/molecule-autoencoder all_drugs.smi
Almotriptan	CN(C)CCc1c[nH]c2ccc(CS(=O)(=O)N3CCCC3)cc12	HIPS/molecule-autoencoder all_drugs.smi
Alogliptin	Cn1c(=O)cc(N2CCC[C@@H](N)C2)n(Cc2ccccc2C#N)c1=O	HIPS/molecule-autoencoder all_drugs.smi
Alosetron	Cc1[nH]cnc1CN1CCc2c(c3ccccc3n2C)C1=O	HIPS/molecule-autoencoder all_drugs.smi
Alpha-Linolenic	CC/C=C\C/C=C\C/C=C\CCCCCCCC(=O)O	HIPS/molecule-autoencoder all_drugs.smi
Alprazolam	Cc1nnc2n1-c1ccc(Cl)cc1C(c1ccccc1)=NC2	HIPS/molecule-autoencoder all_drugs.smi
Alprenolol	C=CCc1ccccc1OCC(O)CNC(C)C	HIPS/molecule-autoencoder all_drugs.smi
Alprostadil	CCCCC[C@H](O)C=C[C@H]1[C@H](O)CC(=O)[C@@H]1CCCCCCC(=O)O	HIPS/molecule-autoencoder all_drugs.smi
Altretamine	CN(C)c1nc(N(C)C)nc(N(C)C)n1	HIPS/molecule-autoencoder all_drugs.smi
Alverine	CCN(CCCc1ccccc1)CCCc1ccccc1	HIPS/molecule-autoencoder all_drugs.smi
Alvimopan	C[C@H]1CN(C[C@H](Cc2ccccc2)C(=O)NCC(=O)O)CC[C@@]1(C)c1cccc(O)c1	HIPS/molecule-autoencoder all_drugs.smi
Amantadine	NC12CC3CC(CC(C3)C1)C2	HIPS/molecule-autoencoder all_drugs.smi
Amdinocillin	CC1(C)S[C@@H]2[C@H](N=CN3CCCCCC3)C(=O)N2[C@H]1C(=O)O	HIPS/molecule-autoencoder all_drugs.smi
Amifostine	NCCCNCCSP(=O)(O)O	HIPS/molecule-autoencoder all_drugs.smi
Amiloride	NC(N)=NC(=O)c1nc(Cl)c(N)nc1N	HIPS/molecule-autoencoder all_drugs.smi
Aminocaproic	NCCCCCC(=O)O	HIPS/molecule-autoencoder all_drugs.smi
Aminoglutethimide	CCC1(c2ccc(N)cc2)CCC(=O)NC1=O	HIPS/molecule-autoencoder all_drugs.smi
Aminohippurate	Nc1ccc(C(=O)NCC(=O)O)cc1	HIPS/molecule-autoencoder all_drugs.smi
Aminolevulinic	NCC(=O)CCC(=O)O	HIPS/molecule-autoencoder all_drugs.smi
Aminophenazone	Cc1c(N(C)C)c(=O)n(-c2ccccc2)n1C	HIPS/molecule-autoencoder all_drugs.smi
Aminophylline	Cn1c(=O)c2[nH]cnc2n(C)c1=O	HIPS/molecule-autoencoder all_drugs.smi
Aminosalicylic	Nc1ccc(C(=O)O)c(O)c1	HIPS/molecule-autoencoder all_drugs.smi
Amisulpride	CCN1CCCC1CNC(=O)c1cc(S(=O)(=O)CC)c(N)cc1OC	HIPS/molecule-autoencoder all_drugs.smi
Amitriptyline	CN(C)CCC=C1c2ccccc2CCc2ccccc21	HIPS/molecule-autoencoder all_drugs.smi
Amlexanox	CC(C)c1ccc2oc3nc(N)c(C(=O)O)cc3c(=O)c2c1	HIPS/molecule-autoencoder all_drugs.smi
Amlodipine	CCOC(=O)C1=C(COCCN)NC(C)=C(C(=O)OC)C1c1ccccc1Cl	HIPS/molecule-autoencoder all_drugs.smi
Amobarbital	CCC1(CCC(C)C)C(=O)NC(=O)NC1=O	HIPS/molecule-autoencoder all_drugs.smi
Amodiaquine	CCN(CC)Cc1cc(Nc2ccnc3cc(Cl)ccc23)ccc1O	HIPS/molecule-autoencoder all_drugs.smi
Amoxapine	Clc1ccc2c(c1)C(N1CCNCC1)=Nc1ccccc1O2	HIPS/molecule-autoencoder all_drugs.smi
Amoxicillin	CC1(C)S[C@@H]2[C@H](NC(=O)[C@H](N)c3ccc(O)cc3)C(=O)N2[C@H]1C(=O)O	HIPS/molecule-autoencoder all_drugs.smi
Amphetamine	CC(N)Cc1ccccc1	HIPS/molecule-autoencoder all_drugs.smi
Ampicillin	CC1(C)S[C@@H]2[C@H](NC(=O)[C@H](N)c3ccccc3)C(=O)N2[C@H]1C(=O)O	HIPS/molecule-autoencoder all_drugs.smi
Amrinone	Nc1cc(-c2ccncc2)c[nH]c1=O	HIPS/molecule-autoencoder all_drugs.smi
Amsacrine	COc1cc(NS(C)(=O)=O)ccc1Nc1c2ccccc2nc2ccccc12	HIPS/molecule-autoencoder all_drugs.smi
Anagrelide	O=C1CN2Cc3c(ccc(Cl)c3Cl)N=C2N1	HIPS/molecule-autoencoder all_drugs.smi
Anastrozole	CC(C)(C#N)c1cc(Cn2cncn2)cc(C(C)(C)C#N)c1	HIPS/molecule-autoencoder all_drugs.smi
Anileridine	CCOC(=O)C1(c2ccccc2)CCN(CCc2ccc(N)cc2)CC1	HIPS/molecule-autoencoder all_drugs.smi
Anisindione	COc1ccc(C2C(=O)c3ccccc3C2=O)cc1	HIPS/molecule-autoencoder all_drugs.smi
Antazoline	c1ccc(CN(CC2=NCCN2)c2ccccc2)cc1	HIPS/molecule-autoencoder all_drugs.smi
Antipyrine	Cc1cc(=O)n(-c2ccccc2)n1C	HIPS/molecule-autoencoder all_drugs.smi
Apixaban	COc1ccc(-n2nc(C(N)=O)c3c2C(=O)N(c2ccc(N4CCCCC4=O)cc2)CC3)cc1	HIPS/molecule-autoencoder all_drugs.smi
Apomorphine	CN1CCc2cccc3c2[C@H]1Cc1ccc(O)c(O)c1-3	HIPS/molecule-autoencoder all_drugs.smi
Apraclonidine	Nc1cc(Cl)c(NC2=NCCN2)c(Cl)c1	HIPS/molecule-autoencoder all_drugs.smi
Aprindine	CCN(CC)CCCN(c1ccccc1)C1Cc2ccccc2C1	HIPS/molecule-autoencoder all_drugs.smi
Aprobarbital	C=CCC1(C(C)C)C(=O)NC(=O)NC1=O	HIPS/molecule-autoencoder all_drugs.smi
Arbutamine	Oc1ccc(CCCCNC[C@H](O)c2ccc(O)c(O)c2)cc1	HIPS/molecule-autoencoder all_drugs.smi
Arformoterol	COc1ccc(C[C@@H](C)NC[C@H](O)c2ccc(O)c(NC=O)c2)cc1	HIPS/molecule-autoencoder all_drugs.smi
Aripiprazole	O=C1CCc2ccc(OCCCCN3CCN(c4cccc(Cl)c4Cl)CC3)cc2N1	HIPS/molecule-autoencoder all_drugs.smi
Artemether	CO[C@H]1O[C@@H]2O[C@@]3(C)CC[C@H]4[C@H](C)CC[C@@H]([C@H]1C)[C@@]24OO3	HIPS/molecule-autoencoder all_drugs.smi
Asenapine	CN1CC2c3ccccc3Oc3ccc(Cl)cc3C2C1	HIPS/molecule-autoencoder all_drugs.smi
Aspartame	COC(=O)[C@H](Cc1ccccc1)NC(=O)[C@@H](N)CC(=O)O	HIPS/molecule-autoencoder all_drugs.smi
Astemizole	COc1ccc(CCN2CCC(Nc3nc4ccccc4n3Cc3ccc(F)cc3)CC2)cc1	HIPS/molecule-autoencoder all_drugs.smi
Atenolol	CC(C)NCC(O)COc1ccc(CC(N)=O)cc1	HIPS/molecule-autoencoder all_drugs.smi
Atomoxetine	CNCC[C@@H](Oc1ccccc1C)c1ccccc1	HIPS/molecule-autoencoder all_drugs.smi
Atovaquone	O=C1C(O)=C([C@H]2CC[C@H](c3ccc(Cl)cc3)CC2)C(=O)c2ccccc21	HIPS/molecule-autoencoder all_drugs.smi
Atropine	CN1[C@@H]2CC[C@H]1C[C@@H](OC(=O)C(CO)c1ccccc1)C2	HIPS/molecule-autoencoder all_drugs.smi
Avanafil	COc1ccc(CNc2nc(N3CCC[C@H]3CO)ncc2C(=O)NCc2ncccn2)cc1Cl	HIPS/molecule-autoencoder all_drugs.smi
Azacitidine	Nc1ncn([C@@H]2O[C@H](CO)[C@@H](O)[C@H]2O)c(=O)n1	HIPS/molecule-autoencoder all_drugs.smi
Azatadine	CN1CCC(=C2c3ccccc3CCc3cccnc32)CC1	HIPS/molecule-autoencoder all_drugs.smi
Azathioprine	Cn1cnc([N+](=O)[O-])c1Sc1ncnc2nc[nH]c12	HIPS/molecule-autoencoder all_drugs.smi
Azelaic	O=C(O)CCCCCCCC(=O)O	HIPS/molecule-autoencoder all_drugs.smi
Azelastine	CN1CCCC(n2nc(Cc3ccc(Cl)cc3)c3ccccc3c2=O)CC1	HIPS/molecule-autoencoder all_drugs.smi
Azidocillin	CC1(C)S[C@@H]2[C@H](NC(=O)[C@H](N=[N+]=[N-])c3ccccc3)C(=O)N2[C@H]1C(=O)O	HIPS/molecule-autoencoder all_drugs.smi
Baclofen	NCC(CC(=O)O)c1ccc(Cl)cc1	HIPS/molecule-autoencoder all_drugs.smi
Balsalazide	O=C(O)CCNC(=O)c1ccc(/N=N/c2ccc(O)c(C(=O)O)c2)cc1	HIPS/molecule-autoencoder all_drugs.smi
Bambuterol	CN(C)C(=O)Oc1cc(OC(=O)N(C)C)cc(C(O)CNC(C)(C)C)c1	HIPS/molecule-autoencoder all_drugs.smi
Benazepril	CCOC(=O)[C@H](CCc1ccccc1)N[C@H]1CCc2ccccc2N(CC(=O)O)C1=O	HIPS/molecule-autoencoder all_drugs.smi
Bendroflumethiazide	NS(=O)(=O)c1cc2c(cc1C(F)(F)F)NC(Cc1ccccc1)NS2(=O)=O	HIPS/molecule-autoencoder all_drugs.smi
Bentiromide	O=C(O)c1ccc(NC(=O)[C@H](Cc2ccc(O)cc2)NC(=O)c2ccccc2)cc1	HIPS/molecule-autoencoder all_drugs.smi
Benzatropine	CN1[C@@H]2CC[C@H]1C[C@@H](OC(c1ccccc1)c1ccccc1)C2	HIPS/molecule-autoencoder all_drugs.smi
Benzocaine	CCOC(=O)c1ccc(N)cc1	HIPS/molecule-autoencoder all_drugs.smi
Benzphetamine	C[C@@H](Cc1ccccc1)N(C)Cc1ccccc1	HIPS/molecule-autoencoder all_drugs.smi
Benzquinamide	CCN(CC)C(=O)C1CN2CCc3cc(OC)c(OC)cc3C2CC1OC(C)=O	HIPS/molecule-autoencoder all_drugs.smi
Benzthiazide	NS(=O)(=O)c1cc2c(cc1Cl)NC(CSCc1ccccc1)=NS2(=O)=O	HIPS/molecule-autoencoder all_drugs.smi
Benzyl	O=C(OCc1ccccc1)c1ccccc1	HIPS/molecule-autoencoder all_drugs.smi
Bepotastine	O=C(O)CCCN1CCC(OC(c2ccc(Cl)cc2)c2ccccn2)CC1	HIPS/molecule-autoencoder all_drugs.smi
Bepridil	CC(C)COCC(CN(Cc1ccccc1)c1ccccc1)N1CCCC1	HIPS/molecule-autoencoder all_drugs.smi
Besifloxacin	N[C@@H]1CCCCN(c2c(F)cc3c(=O)c(C(=O)O)cn(C4CC4)c3c2Cl)C1	HIPS/molecule-autoencoder all_drugs.smi
Betahistine	CNCCc1ccccn1	HIPS/molecule-autoencoder all_drugs.smi
Betaxolol	CC(C)NCC(O)COc1ccc(CCOCC2CC2)cc1	HIPS/molecule-autoencoder all_drugs.smi
Bethanidine	C/N=C(\NC)NCc1ccccc1	HIPS/molecule-autoencoder all_drugs.smi
Bevantolol	COc1ccc(CCNCC(O)COc2cccc(C)c2)cc1OC	HIPS/molecule-autoencoder all_drugs.smi
Bexarotene	C=C(c1ccc(C(=O)O)cc1)c1cc2c(cc1C)C(C)(C)CCC2(C)C	HIPS/molecule-autoencoder all_drugs.smi
Bezafibrate	CC(C)(Oc1ccc(CCNC(=O)c2ccc(Cl)cc2)cc1)C(=O)O	HIPS/molecule-autoencoder all_drugs.smi
Bicalutamide	CC(O)(CS(=O)(=O)c1ccc(F)cc1)C(=O)Nc1ccc(C#N)c(C(F)(F)F)c1	HIPS/molecule-autoencoder all_drugs.smi
Bifonazole	c1ccc(-c2ccc(C(c3ccccc3)n3ccnc3)cc2)cc1	HIPS/molecule-autoencoder all_drugs.smi
Biotin	O=C(O)CCCC[C@@H]1SC[C@@H]2NC(=O)N[C@@H]21	HIPS/molecule-autoencoder all_drugs.smi
Biperiden	OC(CCN1CCCCC1)(c1ccccc1)C1CC2C=CC1C2	HIPS/molecule-autoencoder all_drugs.smi
Bismuth	O=C1[O][Bi]([OH])[O]c2ccccc21	HIPS/molecule-autoencoder all_drugs.smi
Bisoprolol	CC(C)NCC(O)COc1ccc(COCCOC(C)C)cc1	HIPS/molecule-autoencoder all_drugs.smi
Bopindolol	Cc1cc2c(OCC(CNC(C)(C)C)OC(=O)c3ccccc3)cccc2[nH]1	HIPS/molecule-autoencoder all_drugs.smi
Bortezomib	CC(C)C[C@H](NC(=O)[C@H](Cc1ccccc1)NC(=O)c1cnccn1)B(O)O	HIPS/molecule-autoencoder all_drugs.smi
Bosutinib	COc1cc(Nc2c(C#N)cnc3cc(OCCCN4CCN(C)CC4)c(OC)cc23)c(Cl)cc1Cl	HIPS/molecule-autoencoder all_drugs.smi
Brimonidine	Brc1c(NC2=NCCN2)ccc2nccnc12	HIPS/molecule-autoencoder all_drugs.smi
Brinzolamide	CCN[C@H]1CN(CCCOC)S(=O)(=O)c2sc(S(N)(=O)=O)cc21	HIPS/molecule-autoencoder all_drugs.smi
Bromazepam	O=C1CN=C(c2ccccn2)c2cc(Br)ccc2N1	HIPS/molecule-autoencoder all_drugs.smi
Bromfenac	Nc1c(CC(=O)O)cccc1C(=O)c1ccc(Br)cc1	HIPS/molecule-autoencoder all_drugs.smi
Bromodiphenhydramine	CN(C)CCOC(c1ccccc1)c1ccc(Br)cc1	HIPS/molecule-autoencoder all_drugs.smi
Brompheniramine	CN(C)CCC(c1ccc(Br)cc1)c1ccccn1	HIPS/molecule-autoencoder all_drugs.smi
Buclizine	CC(C)(C)c1ccc(CN2CCN(C(c3ccccc3)c3ccc(Cl)cc3)CC2)cc1	HIPS/molecule-autoencoder all_drugs.smi
Bumetanide	CCCCNc1cc(C(=O)O)cc(S(N)(=O)=O)c1Oc1ccccc1	HIPS/molecule-autoencoder all_drugs.smi
Bupivacaine	CCCCN1CCCCC1C(=O)Nc1c(C)cccc1C	HIPS/molecule-autoencoder all_drugs.smi
Bupranolol	Cc1ccc(Cl)c(OCC(O)CNC(C)(C)C)c1	HIPS/molecule-autoencoder all_drugs.smi
Bupropion	CC(NC(C)(C)C)C(=O)c1cccc(Cl)c1	HIPS/molecule-autoencoder all_drugs.smi
Buspirone	O=C1CC2(CCCC2)CC(=O)N1CCCCN1CCN(c2ncccn2)CC1	HIPS/molecule-autoencoder all_drugs.smi
Busulfan	CS(=O)(=O)OCCCCOS(C)(=O)=O	HIPS/molecule-autoencoder all_drugs.smi
Butabarbital	CCC(C)C1(CC)C(=O)NC(=O)NC1=O	HIPS/molecule-autoencoder all_drugs.smi
Butalbital	C=CCC1(CC(C)C)C(=O)NC(=O)NC1=O	HIPS/molecule-autoencoder all_drugs.smi
Butenafine	CN(Cc1ccc(C(C)(C)C)cc1)Cc1cccc2ccccc12	HIPS/molecule-autoencoder all_drugs.smi
Butethal	CCCCC1(CC)C(=O)NC(=O)NC1=O	HIPS/molecule-autoencoder all_drugs.smi
Butoconazole	Clc1ccc(CCC(Cn2ccnc2)Sc2c(Cl)cccc2Cl)cc1	HIPS/molecule-autoencoder all_drugs.smi
Butorphanol	Oc1ccc2c(c1)[C@@]13CCCC[C@@]1(O)[C@@H](C2)N(CC1CCC1)CC3	HIPS/molecule-autoencoder all_drugs.smi
Cabergoline	C=CCN1C[C@H](C(=O)N(CCCN(C)C)C(=O)NCC)C[C@@H]2c3cccc4[nH]cc(c34)C[C@H]21	HIPS/molecule-autoencoder all_drugs.smi
Caffeine	Cn1c(=O)c2c(ncn2C)n(C)c1=O	HIPS/molecule-autoencoder all_drugs.smi
Camazepam	CN(C)C(=O)OC1N=C(c2ccccc2)c2cc(Cl)ccc2N(C)C1=O	HIPS/molecule-autoencoder all_drugs.smi
Candesartan	CCOc1nc2cccc(C(=O)O)c2n1Cc1ccc(-c2ccccc2-c2nn[nH]n2)cc1	HIPS/molecule-autoencoder all_drugs.smi
Capecitabine	CCCCCOC(=O)Nc1nc(=O)n([C@@H]2O[C@H](C)[C@@H](O)[C@H]2O)cc1F	HIPS/molecule-autoencoder all_drugs.smi
Captopril	C[C@H](CS)C(=O)N1CCC[C@H]1C(=O)O	HIPS/molecule-autoencoder all_drugs.smi
Carbamazepine	NC(=O)N1c2ccccc2C=Cc2ccccc21	HIPS/molecule-autoencoder all_drugs.smi
Carbenicillin	CC1(C)S[C@@H]2[C@H](NC(=O)C(C(=O)O)c3ccccc3)C(=O)N2[C@H]1C(=O)O	HIPS/molecule-autoencoder all_drugs.smi
Carbidopa	C[C@@](Cc1ccc(O)c(O)c1)(NN)C(=O)O	HIPS/molecule-autoencoder all_drugs.smi
Carbimazole	CCOC(=O)n1ccn(C)c1=S	HIPS/molecule-autoencoder all_drugs.smi
Carbinoxamine	CN(C)CCOC(c1ccc(Cl)cc1)c1ccccn1	HIPS/molecule-autoencoder all_drugs.smi
Carboplatin	O=C1[O][Pt][O]C(=O)C12CCC2	HIPS/molecule-autoencoder all_drugs.smi
Carglumic	NC(=O)N[C@@H](CCC(=O)O)C(=O)O	HIPS/molecule-autoencoder all_drugs.smi
Carisoprodol	CCCC(C)(COC(N)=O)COC(=O)NC(C)C	HIPS/molecule-autoencoder all_drugs.smi
Carmustine	O=NN(CCCl)C(=O)NCCCl	HIPS/molecule-autoencoder all_drugs.smi
Carphenazine	CCC(=O)c1ccc2c(c1)N(CCN1CCN(CCO)CC1)c1ccccc1S2	HIPS/molecule-autoencoder all_drugs.smi
Carprofen	CC(C(=O)O)c1ccc2c(c1)[nH]c1ccc(Cl)cc12	HIPS/molecule-autoencoder all_drugs.smi
Carteolol	CC(C)(C)NCC(O)COc1cccc2c1CCC(=O)N2	HIPS/molecule-autoencoder all_drugs.smi
Carvedilol	COc1ccccc1OCCNCC(O)COc1cccc2[nH]c3ccccc3c12	HIPS/molecule-autoencoder all_drugs.smi
Cefacetrile	CC(=O)OCC1=C(C(=O)O)N2C(=O)[C@@H](NC(=O)CC#N)[C@H]2SC1	HIPS/molecule-autoencoder all_drugs.smi
Cefaclor	N[C@@H](C(=O)N[C@@H]1C(=O)N2C(C(=O)O)=C(Cl)CS[C@H]12)c1ccccc1	HIPS/molecule-autoencoder all_drugs.smi
Cefadroxil	CC1=C(C(=O)O)N2C(=O)[C@@H](NC(=O)[C@H](N)c3ccc(O)cc3)[C@H]2SC1	HIPS/molecule-autoencoder all_drugs.smi
Cefalotin	CC(=O)OCC1=C(C(=O)O)N2C(=O)[C@@H](NC(=O)Cc3cccs3)[C@H]2SC1	HIPS/molecule-autoencoder all_drugs.smi
Cefamandole	Cn1nnnc1SCC1=C(C(=O)O)N2C(=O)[C@@H](NC(=O)[C@H](O)c3ccccc3)[C@H]2SC1	HIPS/molecule-autoencoder all_drugs.smi
Cefazolin	Cc1nnc(SCC2=C(C(=O)O)N3C(=O)[C@@H](NC(=O)Cn4cnnn4)[C@H]3SC2)s1	HIPS/molecule-autoencoder all_drugs.smi
Cefdinir	C=CC1=C(C(=O)O)N2C(=O)[C@@H](NC(=O)/C(=N\O)c3csc(N)n3)[C@H]2SC1	HIPS/molecule-autoencoder all_drugs.smi
Cefixime	C=CC1=C(C(=O)O)N2C(=O)[C@@H](NC(=O)/C(=N\OCC(=O)O)c3csc(N)n3)[C@H]2SC1	HIPS/molecule-autoencoder all_drugs.smi
Cefmenoxime	CO/N=C(\C(=O)N[C@@H]1C(=O)N2C(C(=O)O)=C(CSc3nnnn3C)CS[C@H]12)c1csc(N)n1	HIPS/molecule-autoencoder all_drugs.smi
Cefmetazole	CO[C@@]1(NC(=O)CSCC#N)C(=O)N2C(C(=O)O)=C(CSc3nnnn3C)CS[C@@H]21	HIPS/molecule-autoencoder all_drugs.smi
Ceforanide	NCc1ccccc1CC(=O)N[C@@H]1C(=O)N2C(C(=O)O)=C(CSc3nnnn3CC(=O)O)CS[C@H]12	HIPS/molecule-autoencoder all_drugs.smi
Cefotaxime	CO/N=C(\C(=O)N[C@@H]1C(=O)N2C(C(=O)O)=C(COC(C)=O)CS[C@H]12)c1csc(N)n1	HIPS/molecule-autoencoder all_drugs.smi
Cefotiam	CN(C)CCn1nnnc1SCC1=C(C(=O)O)N2C(=O)[C@@H](NC(=O)Cc3csc(N)n3)[C@H]2SC1	HIPS/molecule-autoencoder all_drugs.smi
Cefoxitin	CO[C@@]1(NC(=O)Cc2cccs2)C(=O)N2C(C(=O)O)=C(COC(N)=O)CS[C@@H]21	HIPS/molecule-autoencoder all_drugs.smi
Cefpodoxime	COCC1=C(C(=O)O)N2C(=O)[C@@H](NC(=O)/C(=N\OC)c3csc(N)n3)[C@H]2SC1	HIPS/molecule-autoencoder all_drugs.smi
Cefprozil	CC=CC1=C(C(=O)O)N2C(=O)[C@@H](NC(=O)[C@H](N)c3ccc(O)cc3)[C@H]2SC1	HIPS/molecule-autoencoder all_drugs.smi
Cefradine	CC1=C(C(=O)O)N2C(=O)[C@@H](NC(=O)[C@H](N)C3=CCC=CC3)[C@H]2SC1	HIPS/molecule-autoencoder all_drugs.smi
Ceftibuten	Nc1nc(/C(=C/CC(=O)O)C(=O)N[C@@H]2C(=O)N3C(C(=O)O)=CCS[C@H]23)cs1	HIPS/molecule-autoencoder all_drugs.smi
Ceftizoxime	CO/N=C(\C(=O)N[C@@H]1C(=O)N2C(C(=O)O)=CCS[C@H]12)c1csc(N)n1	HIPS/molecule-autoencoder all_drugs.smi
Cefuroxime	CO/N=C(\C(=O)N[C@@H]1C(=O)N2C(C(=O)O)=C(COC(N)=O)CS[C@H]12)c1ccco1	HIPS/molecule-autoencoder all_drugs.smi
Celecoxib	Cc1ccc(-c2cc(C(F)(F)F)nn2-c2ccc(S(N)(=O)=O)cc2)cc1	HIPS/molecule-autoencoder all_drugs.smi
Cephalexin	CC1=C(C(=O)O)N2C(=O)[C@@H](NC(=O)[C@H](N)c3ccccc3)[C@H]2SC1	HIPS/molecule-autoencoder all_drugs.smi
Cephaloglycin	CC(=O)OCC1=C(C(=O)O)N2C(=O)[C@@H](NC(=O)[C@H](N)c3ccccc3)[C@H]2SC1	HIPS/molecule-autoencoder all_drugs.smi
Cephapirin	CC(=O)OCC1=C(C(=O)O)N2C(=O)[C@@H](NC(=O)CSc3ccncc3)[C@H]2SC1	HIPS/molecule-autoencoder all_drugs.smi
Cerulenin	CC=CCC=CCCC(=O)[C@H]1O[C@H]1C(N)=O	HIPS/molecule-autoencoder all_drugs.smi
Cetirizine	O=C(O)COCCN1CCN(C(c2ccccc2)c2ccc(Cl)cc2)CC1	HIPS/molecule-autoencoder all_drugs.smi
Cevimeline	CC1O[C@@]2(CS1)CN1CCC2CC1	HIPS/molecule-autoencoder all_drugs.smi
Chlophedianol	CN(C)CCC(O)(c1ccccc1)c1ccccc1Cl	HIPS/molecule-autoencoder all_drugs.smi
Chlorambucil	O=C(O)CCCc1ccc(N(CCCl)CCCl)cc1	HIPS/molecule-autoencoder all_drugs.smi
Chloramphenicol	O=C(N[C@H](CO)[C@H](O)c1ccc([N+](=O)[O-])cc1)C(Cl)Cl	HIPS/molecule-autoencoder all_drugs.smi
Chlordiazepoxide	CNC1=Nc2ccc(Cl)cc2C(c2ccccc2)=[N+]([O-])C1	HIPS/molecule-autoencoder all_drugs.smi
Chlorhexidine	N=C(NCCCCCCNC(=N)NC(=N)Nc1ccc(Cl)cc1)NC(=N)Nc1ccc(Cl)cc1	HIPS/molecule-autoencoder all_drugs.smi
Chlormerodrin	COC(CNC(N)=O)[CH2][Hg][Cl]	HIPS/molecule-autoencoder all_drugs.smi
Chlormezanone	CN1C(=O)CCS(=O)(=O)C1c1ccc(Cl)cc1	HIPS/molecule-autoencoder all_drugs.smi
Chloroprocaine	CCN(CC)CCOC(=O)c1ccc(N)cc1Cl	HIPS/molecule-autoencoder all_drugs.smi
Chloropyramine	CN(C)CCN(Cc1ccc(Cl)cc1)c1ccccn1	HIPS/molecule-autoencoder all_drugs.smi
Chloroquine	CCN(CC)CCCC(C)Nc1ccnc2cc(Cl)ccc12	HIPS/molecule-autoencoder all_drugs.smi
Chlorothiazide	NS(=O)(=O)c1cc2c(cc1Cl)NC=NS2(=O)=O	HIPS/molecule-autoencoder all_drugs.smi
Chlorotrianisene	COc1ccc(C(Cl)=C(c2ccc(OC)cc2)c2ccc(OC)cc2)cc1	HIPS/molecule-autoencoder all_drugs.smi
Chloroxine	Oc1c(Cl)cc(Cl)c2cccnc12	HIPS/molecule-autoencoder all_drugs.smi
Chlorphenesin	OCC(O)COc1ccc(Cl)cc1	HIPS/molecule-autoencoder all_drugs.smi
Chlorpheniramine	CN(C)CCC(c1ccc(Cl)cc1)c1ccccn1	HIPS/molecule-autoencoder all_drugs.smi
Chlorpromazine	CN(C)CCCN1c2ccccc2Sc2ccc(Cl)cc21	HIPS/molecule-autoencoder all_drugs.smi
Chlorpropamide	CCCNC(=O)NS(=O)(=O)c1ccc(Cl)cc1	HIPS/molecule-autoencoder all_drugs.smi
Chlorprothixene	CN(C)CCC=C1c2ccccc2Sc2ccc(Cl)cc21	HIPS/molecule-autoencoder all_drugs.smi
Chlorthalidone	NS(=O)(=O)c1cc(C2(O)NC(=O)c3ccccc32)ccc1Cl	HIPS/molecule-autoencoder all_drugs.smi
Chlorzoxazone	O=c1[nH]c2cc(Cl)ccc2o1	HIPS/molecule-autoencoder all_drugs.smi
Cholecalciferol	C=C1CC[C@H](O)C/C1=C/C=C1\CCC[C@]2(C)[C@@H]([C@H](C)CCCC(C)C)CC[C@@H]12	HIPS/molecule-autoencoder all_drugs.smi
Ciclopirox	Cc1cc(C2CCCCC2)n(O)c(=O)c1	HIPS/molecule-autoencoder all_drugs.smi
Cidofovir	Nc1ccn(C[C@@H](CO)OCP(=O)(O)O)c(=O)n1	HIPS/molecule-autoencoder all_drugs.smi
Cilastatin	CC1(C)C[C@@H]1C(=O)N/C(=C\CCCCSC[C@H](N)C(=O)O)C(=O)O	HIPS/molecule-autoencoder all_drugs.smi
Cilazapril	CCOC(=O)[C@H](CCc1ccccc1)N[C@H]1CCCN2CCC[C@@H](C(=O)O)N2C1=O	HIPS/molecule-autoencoder all_drugs.smi
Cilostazol	O=C1CCc2cc(OCCCCc3nnnn3C3CCCCC3)ccc2N1	HIPS/molecule-autoencoder all_drugs.smi
Cimetidine	C/N=C(\NC#N)NCCSCc1nc[nH]c1C	HIPS/molecule-autoencoder all_drugs.smi
Cinacalcet	C[C@@H](NCCCc1cccc(C(F)(F)F)c1)c1cccc2ccccc12	HIPS/molecule-autoencoder all_drugs.smi
Cinalukast	CCC(CC)(CC(=O)Nc1cccc(/C=C/c2nc(C3CCC3)cs2)c1)C(=O)O	HIPS/molecule-autoencoder all_drugs.smi
Cinitapride	CCOc1cc(N)c([N+](=O)[O-])cc1C(=O)NC1CCN(CC2CC=CCC2)CC1	HIPS/molecule-autoencoder all_drugs.smi
Cinnarizine	C(=Cc1ccccc1)CN1CCN(C(c2ccccc2)c2ccccc2)CC1	HIPS/molecule-autoencoder all_drugs.smi
Cinolazepam	N#CCCN1C(=O)C(O)N=C(c2ccccc2F)c2cc(Cl)ccc21	HIPS/molecule-autoencoder all_drugs.smi
Cinoxacin	CCn1nc(C(=O)O)c(=O)c2cc3c(cc21)OCO3	HIPS/molecule-autoencoder all_drugs.smi
Ciprofloxacin	O=C(O)c1cn(C2CC2)c2cc(N3CCNCC3)c(F)cc2c1=O	HIPS/molecule-autoencoder all_drugs.smi
Cisapride	COc1cc(N)c(Cl)cc1C(=O)N[C@@H]1CCN(CCCOc2ccc(F)cc2)C[C@@H]1OC	HIPS/molecule-autoencoder all_drugs.smi
Citalopram	CN(C)CCCC1(c2ccc(F)cc2)OCc2cc(C#N)ccc21	HIPS/molecule-autoencoder all_drugs.smi
Cladribine	Nc1nc(Cl)nc2c1ncn2[C@H]1C[C@H](O)[C@@H](CO)O1	HIPS/molecule-autoencoder all_drugs.smi
Clavulanate	O=C(O)[C@H]1/C(=C/CO)O[C@@H]2CC(=O)N21	HIPS/molecule-autoencoder all_drugs.smi
Clemastine	CN1CCC[C@@H]1CCO[C@](C)(c1ccccc1)c1ccc(Cl)cc1	HIPS/molecule-autoencoder all_drugs.smi
Clenbuterol	CC(C)(C)NCC(O)c1cc(Cl)c(N)c(Cl)c1	HIPS/molecule-autoencoder all_drugs.smi
Clevidipine	CCCC(=O)OCOC(=O)C1=C(C)NC(C)=C(C(=O)OC)C1c1cccc(Cl)c1Cl	HIPS/molecule-autoencoder all_drugs.smi
Clobazam	CN1C(=O)CC(=O)N(c2ccccc2)c2cc(Cl)ccc21	HIPS/molecule-autoencoder all_drugs.smi
Clodronate	O=P(O)(O)C(Cl)(Cl)P(=O)(O)O	HIPS/molecule-autoencoder all_drugs.smi
Clofarabine	Nc1nc(Cl)nc2c1ncn2[C@@H]1O[C@H](CO)[C@@H](O)[C@@H]1F	HIPS/molecule-autoencoder all_drugs.smi
Clofazimine	CC(C)N=c1cc2n(-c3ccc(Cl)cc3)c3ccccc3nc-2cc1Nc1ccc(Cl)cc1	HIPS/molecule-autoencoder all_drugs.smi
Clofibrate	CCOC(=O)C(C)(C)Oc1ccc(Cl)cc1	HIPS/molecule-autoencoder all_drugs.smi
Clomifene	CCN(CC)CCOc1ccc(C(=C(Cl)c2ccccc2)c2ccccc2)cc1	HIPS/molecule-autoencoder all_drugs.smi
Clomipramine	CN(C)CCCN1c2ccccc2CCc2ccc(Cl)cc21	HIPS/molecule-autoencoder all_drugs.smi
Clonazepam	O=C1CN=C(c2ccccc2Cl)c2cc([N+](=O)[O-])ccc2N1	HIPS/molecule-autoencoder all_drugs.smi
Clonidine	Clc1cccc(Cl)c1NC1=NCCN1	HIPS/molecule-autoencoder all_drugs.smi
Clopidogrel	COC(=O)[C@H](c1ccccc1Cl)N1CCc2sccc2C1	HIPS/molecule-autoencoder all_drugs.smi
Clorazepate	O=C(O)C1N=C(c2ccccc2)c2cc(Cl)ccc2NC1=O	HIPS/molecule-autoencoder all_drugs.smi
Clotiazepam	CCc1cc2c(s1)N(C)C(=O)CN=C2c1ccccc1Cl	HIPS/molecule-autoencoder all_drugs.smi
Clotrimazole	Clc1ccccc1C(c1ccccc1)(c1ccccc1)n1ccnc1	HIPS/molecule-autoencoder all_drugs.smi
Cloxacillin	Cc1onc(-c2ccccc2Cl)c1C(=O)N[C@@H]1C(=O)N2[C@@H]1SC(C)(C)[C@@H]2C(=O)O	HIPS/molecule-autoencoder all_drugs.smi
Cloxazolam	O=C1CN2CCOC2(c2ccccc2Cl)c2cc(Cl)ccc2N1	HIPS/molecule-autoencoder all_drugs.smi
Clozapine	CN1CCN(C2=Nc3cc(Cl)ccc3Nc3ccccc32)CC1	HIPS/molecule-autoencoder all_drugs.smi
Cocaine	COC(=O)[C@H]1[C@@H](OC(=O)c2ccccc2)C[C@@H]2CC[C@H]1N2C	HIPS/molecule-autoencoder all_drugs.smi
Codeine	COc1ccc2c3c1O[C@H]1[C@@H](O)C=C[C@H]4[C@@H](C2)N(C)CC[C@@]341	HIPS/molecule-autoencoder all_drugs.smi
Colchicine	COc1cc2c(c(OC)c1OC)-c1ccc(OC)c(=O)cc1C(NC(C)=O)CC2	HIPS/molecule-autoencoder all_drugs.smi
Colestipol	NCCNCCNCCNCCN	HIPS/molecule-autoencoder all_drugs.smi
Creatine	CN(CC(=O)O)C(=N)N	HIPS/molecule-autoencoder all_drugs.smi
Cromoglicic	O=C(O)c1cc(=O)c2c(OCC(O)COc3cccc4oc(C(=O)O)cc(=O)c34)cccc2o1	HIPS/molecule-autoencoder all_drugs.smi
Crotamiton	CC=CC(=O)N(CC)c1ccccc1C	HIPS/molecule-autoencoder all_drugs.smi
Cyclacillin	CC1(C)S[C@@H]2[C@H](NC(=O)C3(N)CCCCC3)C(=O)N2[C@H]1C(=O)O	HIPS/molecule-autoencoder all_drugs.smi
Cyclandelate	CC1CC(OC(=O)C(O)c2ccccc2)CC(C)(C)C1	HIPS/molecule-autoencoder all_drugs.smi
Cyclizine	CN1CCN(C(c2ccccc2)c2ccccc2)CC1	HIPS/molecule-autoencoder all_drugs.smi
Cyclobenzaprine	CN(C)CCC=C1c2ccccc2C=Cc2ccccc21	HIPS/molecule-autoencoder all_drugs.smi
Cyclopentolate	CN(C)CCOC(=O)C(c1ccccc1)C1(O)CCCC1	HIPS/molecule-autoencoder all_drugs.smi
Cyclophosphamide	O=P1(N(CCCl)CCCl)NCCCO1	HIPS/molecule-autoencoder all_drugs.smi
Cyclothiazide	NS(=O)(=O)c1cc2c(cc1Cl)NC(C1CC3C=CC1C3)NS2(=O)=O	HIPS/molecule-autoencoder all_drugs.smi
Cycrimine	OC(CCN1CCCCC1)(c1ccccc1)C1CCCC1	HIPS/molecule-autoencoder all_drugs.smi
Cyproheptadine	CN1CCC(=C2c3ccccc3C=Cc3ccccc32)CC1	HIPS/molecule-autoencoder all_drugs.smi
Cytarabine	Nc1ccn([C@@H]2O[C@H](CO)[C@@H](O)[C@@H]2O)c(=O)n1	HIPS/molecule-autoencoder all_drugs.smi
Dabrafenib	CC(C)(C)c1nc(-c2cccc(NS(=O)(=O)c3c(F)cccc3F)c2F)c(-c2ccnc(N)n2)s1	HIPS/molecule-autoencoder all_drugs.smi
Dacarbazine	CN(C)N=Nc1[nH]cnc1C(N)=O	HIPS/molecule-autoencoder all_drugs.smi
Danazol	C#C[C@]1(O)CC[C@H]2[C@@H]3CCC4=Cc5oncc5C[C@]4(C)[C@H]3CC[C@@]21C	HIPS/molecule-autoencoder all_drugs.smi
Dantrolene	O=C1CN(N=Cc2ccc(-c3ccc([N+](=O)[O-])cc3)o2)C(=O)N1	HIPS/molecule-autoencoder all_drugs.smi
Dapiprazole	Cc1ccccc1N1CCN(CCc2nnc3n2CCCC3)CC1	HIPS/molecule-autoencoder all_drugs.smi
Dapsone	Nc1ccc(S(=O)(=O)c2ccc(N)cc2)cc1	HIPS/molecule-autoencoder all_drugs.smi
Darifenacin	NC(=O)C(c1ccccc1)(c1ccccc1)[C@@H]1CCN(CCc2ccc3c(c2)CCO3)C1	HIPS/molecule-autoencoder all_drugs.smi
Dasatinib	Cc1nc(Nc2ncc(C(=O)Nc3c(C)cccc3Cl)s2)cc(N2CCN(CCO)CC2)n1	HIPS/molecule-autoencoder all_drugs.smi
Debrisoquin	N=C(N)N1CCc2ccccc2C1	HIPS/molecule-autoencoder all_drugs.smi
Decitabine	Nc1ncn([C@H]2C[C@H](O)[C@@H](CO)O2)c(=O)n1	HIPS/molecule-autoencoder all_drugs.smi
Deferasirox	O=C(O)c1ccc(-n2nc(-c3ccccc3O)nc2-c2ccccc2O)cc1	HIPS/molecule-autoencoder all_drugs.smi
Deferiprone	Cc1c(O)c(=O)ccn1C	HIPS/molecule-autoencoder all_drugs.smi
Delavirdine	CC(C)Nc1cccnc1N1CCN(C(=O)c2cc3cc(NS(C)(=O)=O)ccc3[nH]2)CC1	HIPS/molecule-autoencoder all_drugs.smi
Delorazepam	O=C1CN=C(c2ccccc2Cl)c2cc(Cl)ccc2N1	HIPS/molecule-autoencoder all_drugs.smi
Desflurane	FC(F)OC(F)C(F)(F)F	HIPS/molecule-autoencoder all_drugs.smi
Desipramine	CNCCCN1c2ccccc2CCc2ccccc21	HIPS/molecule-autoencoder all_drugs.smi
Desloratadine	Clc1ccc2c(c1)CCc1cccnc1C2=C1CCNCC1	HIPS/molecule-autoencoder all_drugs.smi
Desogestrel	C#C[C@]1(O)CC[C@H]2[C@@H]3CCC4=CCCC[C@@H]4[C@H]3C(=C)C[C@@]21CC	HIPS/molecule-autoencoder all_drugs.smi
Desvenlafaxine	CN(C)CC(c1ccc(O)cc1)C1(O)CCCCC1	HIPS/molecule-autoencoder all_drugs.smi
Dexbrompheniramine	CN(C)CC[C@@H](c1ccc(Br)cc1)c1ccccn1	HIPS/molecule-autoencoder all_drugs.smi
Dexfenfluramine	CCN[C@@H](C)Cc1cccc(C(F)(F)F)c1	HIPS/molecule-autoencoder all_drugs.smi
Dexmedetomidine	Cc1cccc([C@H](C)c2c[nH]cn2)c1C	HIPS/molecule-autoencoder all_drugs.smi
Dexmethylphenidate	COC(=O)[C@H](c1ccccc1)[C@H]1CCCCN1	HIPS/molecule-autoencoder all_drugs.smi
Dexrazoxane	C[C@@H](CN1CC(=O)NC(=O)C1)N1CC(=O)NC(=O)C1	HIPS/molecule-autoencoder all_drugs.smi
Dextroamphetamine	C[C@H](N)Cc1ccccc1	HIPS/molecule-autoencoder all_drugs.smi
Dextromethorphan	COc1ccc2c(c1)[C@@]13CCCC[C@H]1[C@@H](C2)N(C)CC3	HIPS/molecule-autoencoder all_drugs.smi
Dezocine	C[C@@]12CCCCC[C@@H](Cc3ccc(O)cc31)[C@@H]2N	HIPS/molecule-autoencoder all_drugs.smi
Diazepam	CN1C(=O)CN=C(c2ccccc2)c2cc(Cl)ccc21	HIPS/molecule-autoencoder all_drugs.smi
Diazoxide	CC1=NS(=O)(=O)c2cc(Cl)ccc2N1	HIPS/molecule-autoencoder all_drugs.smi
Dibucaine	CCCCOc1cc(C(=O)NCCN(CC)CC)c2ccccc2n1	HIPS/molecule-autoencoder all_drugs.smi
Dichlorphenamide	NS(=O)(=O)c1cc(Cl)c(Cl)c(S(N)(=O)=O)c1	HIPS/molecule-autoencoder all_drugs.smi
Diclofenac	O=C(O)Cc1ccccc1Nc1c(Cl)cccc1Cl	HIPS/molecule-autoencoder all_drugs.smi
Dicumarol	O=c1oc2ccccc2c(O)c1Cc1c(O)c2ccccc2oc1=O	HIPS/molecule-autoencoder all_drugs.smi
Dicyclomine	CCN(CC)CCOC(=O)C1(C2CCCCC2)CCCCC1	HIPS/molecule-autoencoder all_drugs.smi
Didanosine	O=c1nc[nH]c2c1ncn2[C@H]1CC[C@@H](CO)O1	HIPS/molecule-autoencoder all_drugs.smi
Dienestrol	CC=C(C(=CC)c1ccc(O)cc1)c1ccc(O)cc1	HIPS/molecule-autoencoder all_drugs.smi
Diethylcarbamazine	CCN(CC)C(=O)N1CCN(C)CC1	HIPS/molecule-autoencoder all_drugs.smi
Diethylpropion	CCN(CC)C(C)C(=O)c1ccccc1	HIPS/molecule-autoencoder all_drugs.smi
Diethylstilbestrol	CCC(=C(CC)c1ccc(O)cc1)c1ccc(O)cc1	HIPS/molecule-autoencoder all_drugs.smi
Difenoxin	N#CC(CCN1CCC(C(=O)O)(c2ccccc2)CC1)(c1ccccc1)c1ccccc1	HIPS/molecule-autoencoder all_drugs.smi
Diflunisal	O=C(O)c1cc(-c2ccc(F)cc2F)ccc1O	HIPS/molecule-autoencoder all_drugs.smi
Dihydrocodeine	COc1ccc2c3c1O[C@H]1[C@@H](O)CC[C@H]4[C@@H](C2)N(C)CC[C@@]341	HIPS/molecule-autoencoder all_drugs.smi
Diloxanide	CN(C(=O)C(Cl)Cl)c1ccc(OC(=O)c2ccco2)cc1	HIPS/molecule-autoencoder all_drugs.smi
Diltiazem	COc1ccc([C@@H]2Sc3ccccc3N(CCN(C)C)C(=O)[C@@H]2OC(C)=O)cc1	HIPS/molecule-autoencoder all_drugs.smi
Dimethindene	CC(C1=C(CCN(C)C)Cc2ccccc21)c1ccccn1	HIPS/molecule-autoencoder all_drugs.smi
Dinoprost	CCCCC[C@H](O)/C=C/[C@@H]1[C@@H](C/C=C\CCCC(=O)O)[C@@H](O)C[C@H]1O	HIPS/molecule-autoencoder all_drugs.smi
Dinoprostone	CCCCC[C@H](O)/C=C/[C@H]1[C@H](O)CC(=O)[C@@H]1C/C=C\CCCC(=O)O	HIPS/molecule-autoencoder all_drugs.smi
Diphenhydramine	CN(C)CCOC(c1ccccc1)c1ccccc1	HIPS/molecule-autoencoder all_drugs.smi
Diphenidol	OC(CCCN1CCCCC1)(c1ccccc1)c1ccccc1	HIPS/molecule-autoencoder all_drugs.smi
Diphenoxylate	CCOC(=O)C1(c2ccccc2)CCN(CCC(C#N)(c2ccccc2)c2ccccc2)CC1	HIPS/molecule-autoencoder all_drugs.smi
Diphenylpyraline	CN1CCC(OC(c2ccccc2)c2ccccc2)CC1	HIPS/molecule-autoencoder all_drugs.smi
Dipivefrin	CNCC(O)c1ccc(OC(=O)C(C)(C)C)c(OC(=O)C(C)(C)C)c1	HIPS/molecule-autoencoder all_drugs.smi
Dipyridamole	OCCN(CCO)c1nc(N2CCCCC2)c2nc(N(CCO)CCO)nc(N3CCCCC3)c2n1	HIPS/molecule-autoencoder all_drugs.smi
Disopyramide	CC(C)N(CCC(C(N)=O)(c1ccccc1)c1ccccn1)C(C)C	HIPS/molecule-autoencoder all_drugs.smi
Disulfiram	CCN(CC)C(=S)SSC(=S)N(CC)CC	HIPS/molecule-autoencoder all_drugs.smi
Dobutamine	CC(CCc1ccc(O)cc1)NCCc1ccc(O)c(O)c1	HIPS/molecule-autoencoder all_drugs.smi
Docosanol	CCCCCCCCCCCCCCCCCCCCCCO	HIPS/molecule-autoencoder all_drugs.smi
Dofetilide	CN(CCOc1ccc(NS(C)(=O)=O)cc1)CCc1ccc(NS(C)(=O)=O)cc1	HIPS/molecule-autoencoder all_drugs.smi
Dolasetron	O=C(OC1CC2CC3C[C@H](C1)N2CC3=O)c1c[nH]c2ccccc12	HIPS/molecule-autoencoder all_drugs.smi
Domperidone	O=c1[nH]c2ccccc2n1CCCN1CCC(n2c(=O)[nH]c3cc(Cl)ccc32)CC1	HIPS/molecule-autoencoder all_drugs.smi
Donepezil	COc1cc2c(cc1OC)C(=O)C(CC1CCN(Cc3ccccc3)CC1)C2	HIPS/molecule-autoencoder all_drugs.smi
Dopamine	NCCc1ccc(O)c(O)c1	HIPS/molecule-autoencoder all_drugs.smi
Dorzolamide	CCN[C@H]1C[C@H](C)S(=O)(=O)c2sc(S(N)(=O)=O)cc21	HIPS/molecule-autoencoder all_drugs.smi
Doxapram	CCN1CC(CCN2CCOCC2)C(c2ccccc2)(c2ccccc2)C1=O	HIPS/molecule-autoencoder all_drugs.smi
Doxazosin	COc1cc2nc(N3CCN(C(=O)C4COc5ccccc5O4)CC3)nc(N)c2cc1OC	HIPS/molecule-autoencoder all_drugs.smi
Doxepin	CN(C)CCC=C1c2ccccc2COc2ccccc21	HIPS/molecule-autoencoder all_drugs.smi
Doxylamine	CN(C)CCOC(C)(c1ccccc1)c1ccccn1	HIPS/molecule-autoencoder all_drugs.smi
Dronabinol	CCCCCc1cc(O)c2c(c1)OC(C)(C)[C@@H]1CCC(C)=C[C@@H]21	HIPS/molecule-autoencoder all_drugs.smi
Droperidol	O=C(CCCN1CC=C(n2c(=O)[nH]c3ccccc32)CC1)c1ccc(F)cc1	HIPS/molecule-autoencoder all_drugs.smi
Drotaverine	CCOc1ccc(/C=C2\NCCc3cc(OCC)c(OCC)cc32)cc1OCC	HIPS/molecule-autoencoder all_drugs.smi
Droxidopa	N[C@@H](C(=O)O)[C@@H](O)c1ccc(O)c(O)c1	HIPS/molecule-autoencoder all_drugs.smi
Duloxetine	CNCC[C@H](Oc1cccc2ccccc12)c1cccs1	HIPS/molecule-autoencoder all_drugs.smi
Dyclonine	CCCCOc1ccc(C(=O)CCN2CCCCC2)cc1	HIPS/molecule-autoencoder all_drugs.smi
Dydrogesterone	CC(=O)[C@H]1CC[C@H]2[C@@H]3C=CC4=CC(=O)CC[C@@]4(C)[C@@H]3CC[C@]12C	HIPS/molecule-autoencoder all_drugs.smi
Dyphylline	Cn1c(=O)c2c(ncn2CC(O)CO)n(C)c1=O	HIPS/molecule-autoencoder all_drugs.smi
Ecabet	CC(C)c1cc2c(cc1S(=O)(=O)O)[C@@]1(C)CCC[C@@](C)(C(=O)O)[C@@H]1CC2	HIPS/molecule-autoencoder all_drugs.smi
Econazole	Clc1ccc(COC(Cn2ccnc2)c2ccc(Cl)cc2Cl)cc1	HIPS/molecule-autoencoder all_drugs.smi
Edetic	O=C(O)CN(CCN(CC(=O)O)CC(=O)O)CC(=O)O	HIPS/molecule-autoencoder all_drugs.smi
Efavirenz	O=C1Nc2ccc(Cl)cc2[C@@](C#CC2CC2)(C(F)(F)F)O1	HIPS/molecule-autoencoder all_drugs.smi
Eletriptan	CN1CCC[C@@H]1Cc1c[nH]c2ccc(CCS(=O)(=O)c3ccccc3)cc12	HIPS/molecule-autoencoder all_drugs.smi
Eltrombopag	CC1=NN(c2ccc(C)c(C)c2)C(=O)/C1=N\Nc1cccc(-c2cccc(C(=O)O)c2)c1O	HIPS/molecule-autoencoder all_drugs.smi
Emedastine	CCOCCn1c(N2CCCN(C)CC2)nc2ccccc21	HIPS/molecule-autoencoder all_drugs.smi
Emtricitabine	Nc1nc(=O)n([C@@H]2CS[C@H](CO)O2)cc1F	HIPS/molecule-autoencoder all_drugs.smi
Enalapril	CCOC(=O)[C@H](CCc1ccccc1)N[C@@H](C)C(=O)N1CCC[C@H]1C(=O)O	HIPS/molecule-autoencoder all_drugs.smi
Encainide	COc1ccc(C(=O)Nc2ccccc2CCC2CCCCN2C)cc1	HIPS/molecule-autoencoder all_drugs.smi
Enflurane	FC(F)OC(F)(F)C(F)Cl	HIPS/molecule-autoencoder all_drugs.smi
Enoxacin	CCn1cc(C(=O)O)c(=O)c2cc(F)c(N3CCNCC3)nc21	HIPS/molecule-autoencoder all_drugs.smi
Enoximone	CSc1ccc(C(=O)c2[nH]c(=O)[nH]c2C)cc1	HIPS/molecule-autoencoder all_drugs.smi
Enprofylline	CCCn1c(=O)[nH]c(=O)c2[nH]cnc21	HIPS/molecule-autoencoder all_drugs.smi
Entacapone	CCN(CC)C(=O)/C(C#N)=C/c1cc(O)c(O)c([N+](=O)[O-])c1	HIPS/molecule-autoencoder all_drugs.smi
Entecavir	C=C1[C@H](CO)[C@@H](O)C[C@@H]1n1cnc2c(=O)nc(N)[nH]c21	HIPS/molecule-autoencoder all_drugs.smi
Enzalutamide	CNC(=O)c1ccc(N2C(=S)N(c3ccc(C#N)c(C(F)(F)F)c3)C(=O)C2(C)C)cc1F	HIPS/molecule-autoencoder all_drugs.smi
Ephedrine	CN[C@@H](C)[C@H](O)c1ccccc1	HIPS/molecule-autoencoder all_drugs.smi
Epinastine	NC1=NCC2c3ccccc3Cc3ccccc3N12	HIPS/molecule-autoencoder all_drugs.smi
Epinephrine	CNC[C@H](O)c1ccc(O)c(O)c1	HIPS/molecule-autoencoder all_drugs.smi
Epoprostenol	CCCCC[C@H](O)/C=C/[C@@H]1[C@H]2CC(=CCCCC(=O)O)O[C@H]2C[C@H]1O	HIPS/molecule-autoencoder all_drugs.smi
Eprosartan	CCCCc1ncc(/C=C(\Cc2cccs2)C(=O)O)n1Cc1ccc(C(=O)O)cc1	HIPS/molecule-autoencoder all_drugs.smi
Ergonovine	C[C@@H](CO)NC(=O)[C@@H]1C=C2c3cccc4[nH]cc(c34)C[C@H]2N(C)C1	HIPS/molecule-autoencoder all_drugs.smi
Erlotinib	C#Cc1cccc(Nc2ncnc3cc(OCCOC)c(OCCOC)cc23)c1	HIPS/molecule-autoencoder all_drugs.smi
Erythrityl	O=[N+]([O-])OC[C@H](O[N+](=O)[O-])[C@@H](CO[N+](=O)[O-])O[N+](=O)[O-]	HIPS/molecule-autoencoder all_drugs.smi
Escitalopram	CN(C)CCC[C@@]1(c2ccc(F)cc2)OCc2cc(C#N)ccc21	HIPS/molecule-autoencoder all_drugs.smi
Esmolol	COC(=O)CCc1ccc(OCC(O)CNC(C)C)cc1	HIPS/molecule-autoencoder all_drugs.smi
Esomeprazole	COc1ccc2[nH]c([S@](=O)Cc3ncc(C)c(OC)c3C)nc2c1	HIPS/molecule-autoencoder all_drugs.smi
Estazolam	Clc1ccc2c(c1)C(c1ccccc1)=NCc1nncn1-2	HIPS/molecule-autoencoder all_drugs.smi
Estradiol	C[C@]12CC[C@@H]3c4ccc(O)cc4CC[C@H]3[C@@H]1CC[C@@H]2O	HIPS/molecule-autoencoder all_drugs.smi
Estradiol	CCCCC(=O)O[C@H]1CC[C@H]2[C@@H]3CCc4cc(O)ccc4[C@H]3CC[C@]12C	HIPS/molecule-autoencoder all_drugs.smi
Estramustine	C[C@]12CC[C@@H]3c4ccc(OC(=O)N(CCCl)CCCl)cc4CC[C@H]3[C@@H]1CC[C@@H]2O	HIPS/molecule-autoencoder all_drugs.smi
Estriol	C[C@]12CC[C@@H]3c4ccc(O)cc4CC[C@H]3[C@@H]1C[C@@H](O)[C@@H]2O	HIPS/molecule-autoencoder all_drugs.smi
Estrone	C[C@]12CC[C@@H]3c4ccc(O)cc4CC[C@H]3[C@@H]1CCC2=O	HIPS/molecule-autoencoder all_drugs.smi
Estropipate	C[C@]12CC[C@@H]3c4ccc(OS(=O)(=O)O)cc4CC[C@H]3[C@@H]1CCC2=O	HIPS/molecule-autoencoder all_drugs.smi
Eszopiclone	CN1CCN(C(=O)O[C@H]2c3nccnc3C(=O)N2c2ccc(Cl)cn2)CC1	HIPS/molecule-autoencoder all_drugs.smi
Ethacrynic	C=C(CC)C(=O)c1ccc(OCC(=O)O)c(Cl)c1Cl	HIPS/molecule-autoencoder all_drugs.smi
Ethambutol	CC[C@@H](CO)NCCN[C@@H](CC)CO	HIPS/molecule-autoencoder all_drugs.smi
Ethanolamine	CCCCCCCC/C=C\CCCCCCCC(=O)O	HIPS/molecule-autoencoder all_drugs.smi
Ethchlorvynol	C#CC(O)(C=CCl)CC	HIPS/molecule-autoencoder all_drugs.smi
Ethinamate	C#CC1(OC(N)=O)CCCCC1	HIPS/molecule-autoencoder all_drugs.smi
Ethinyl	C#C[C@]1(O)CC[C@H]2[C@@H]3CCc4cc(O)ccc4[C@H]3CC[C@@]21C	HIPS/molecule-autoencoder all_drugs.smi
Ethionamide	CCc1cc(C(N)=S)ccn1	HIPS/molecule-autoencoder all_drugs.smi
Ethopropazine	CCN(CC)C(C)CN1c2ccccc2Sc2ccccc21	HIPS/molecule-autoencoder all_drugs.smi
Ethosuximide	CCC1(C)CC(=O)NC1=O	HIPS/molecule-autoencoder all_drugs.smi
Ethotoin	CCN1C(=O)NC(c2ccccc2)C1=O	HIPS/molecule-autoencoder all_drugs.smi
Ethoxzolamide	CCOc1ccc2nc(S(N)(=O)=O)sc2c1	HIPS/molecule-autoencoder all_drugs.smi
Ethylmorphine	CCOc1ccc2c3c1O[C@H]1[C@@H](O)C=C[C@H]4[C@@H](C2)N(C)CC[C@@]341	HIPS/molecule-autoencoder all_drugs.smi
Etidronic	CC(O)(P(=O)(O)O)P(=O)(O)O	HIPS/molecule-autoencoder all_drugs.smi
Etodolac	CCc1cccc2c3c([nH]c12)C(CC)(CC(=O)O)OCC3	HIPS/molecule-autoencoder all_drugs.smi
Etomidate	CCOC(=O)c1cncn1[C@H](C)c1ccccc1	HIPS/molecule-autoencoder all_drugs.smi
Etonogestrel	C#C[C@]1(O)CC[C@H]2[C@@H]3CCC4=CC(=O)CC[C@@H]4[C@H]3C(=C)C[C@@]21CC	HIPS/molecule-autoencoder all_drugs.smi
Etoricoxib	Cc1ccc(-c2ncc(Cl)cc2-c2ccc(S(C)(=O)=O)cc2)cn1	HIPS/molecule-autoencoder all_drugs.smi
Exemestane	C=C1C[C@@H]2[C@H](CC[C@]3(C)C(=O)CC[C@@H]23)[C@@]2(C)C=CC(=O)C=C12	HIPS/molecule-autoencoder all_drugs.smi
Ezetimibe	O=C1[C@H](CC[C@H](O)c2ccc(F)cc2)[C@@H](c2ccc(O)cc2)N1c1ccc(F)cc1	HIPS/molecule-autoencoder all_drugs.smi
Ezogabine	CCOC(=O)Nc1ccc(NCc2ccc(F)cc2)cc1N	HIPS/molecule-autoencoder all_drugs.smi
Famciclovir	CC(=O)OCC(CCn1cnc2cnc(N)nc21)COC(C)=O	HIPS/molecule-autoencoder all_drugs.smi
Famotidine	NC(N)=Nc1nc(CSCCC(N)=NS(N)(=O)=O)cs1	HIPS/molecule-autoencoder all_drugs.smi
Felbamate	NC(=O)OCC(COC(N)=O)c1ccccc1	HIPS/molecule-autoencoder all_drugs.smi
Felodipine	CCOC(=O)C1=C(C)NC(C)=C(C(=O)OC)C1c1cccc(Cl)c1Cl	HIPS/molecule-autoencoder all_drugs.smi
Fencamfamine	CCNC1C2CCC(C2)C1c1ccccc1	HIPS/molecule-autoencoder all_drugs.smi
Fenofibrate	CC(C)OC(=O)C(C)(C)Oc1ccc(C(=O)c2ccc(Cl)cc2)cc1	HIPS/molecule-autoencoder all_drugs.smi
Fenoldopam	Oc1ccc(C2CNCCc3c2cc(O)c(O)c3Cl)cc1	HIPS/molecule-autoencoder all_drugs.smi
Fenoprofen	CC(C(=O)O)c1cccc(Oc2ccccc2)c1	HIPS/molecule-autoencoder all_drugs.smi
Fenoterol	CC(Cc1ccc(O)cc1)NCC(O)c1cc(O)cc(O)c1	HIPS/molecule-autoencoder all_drugs.smi
Fentanyl	CCC(=O)N(c1ccccc1)C1CCN(CCc2ccccc2)CC1	HIPS/molecule-autoencoder all_drugs.smi
Fesoterodine	CC(C)C(=O)Oc1ccc(CO)cc1[C@H](CCN(C(C)C)C(C)C)c1ccccc1	HIPS/molecule-autoencoder all_drugs.smi
Fingolimod	CCCCCCCCc1ccc(CCC(N)(CO)CO)cc1	HIPS/molecule-autoencoder all_drugs.smi
Flavoxate	Cc1c(-c2ccccc2)oc2c(C(=O)OCCN3CCCCC3)cccc2c1=O	HIPS/molecule-autoencoder all_drugs.smi
Flecainide	O=C(NCC1CCCCN1)c1cc(OCC(F)(F)F)ccc1OCC(F)(F)F	HIPS/molecule-autoencoder all_drugs.smi
Floxuridine	O=c1[nH]c(=O)n([C@H]2C[C@H](O)[C@@H](CO)O2)cc1F	HIPS/molecule-autoencoder all_drugs.smi
Flucloxacillin	Cc1onc(-c2c(F)cccc2Cl)c1C(=O)N[C@@H]1C(=O)N2[C@@H]1SC(C)(C)[C@@H]2C(=O)O	HIPS/molecule-autoencoder all_drugs.smi
Fluconazole	OC(Cn1cncn1)(Cn1cncn1)c1ccc(F)cc1F	HIPS/molecule-autoencoder all_drugs.smi
Flucytosine	Nc1[nH]c(=O)ncc1F	HIPS/molecule-autoencoder all_drugs.smi
Fludarabine	Nc1nc(F)nc2c1ncn2[C@@H]1O[C@H](COP(=O)(O)O)[C@@H](O)[C@@H]1O	HIPS/molecule-autoencoder all_drugs.smi
Fludiazepam	CN1C(=O)CN=C(c2ccccc2F)c2cc(Cl)ccc21	HIPS/molecule-autoencoder all_drugs.smi
Flumazenil	CCOC(=O)c1ncn2c1CN(C)C(=O)c1cc(F)ccc1-2	HIPS/molecule-autoencoder all_drugs.smi
Flunarizine	Fc1ccc(C(c2ccc(F)cc2)N2CCN(C/C=C/c3ccccc3)CC2)cc1	HIPS/molecule-autoencoder all_drugs.smi
Flunitrazepam	CN1C(=O)CN=C(c2ccccc2F)c2cc([N+](=O)[O-])ccc21	HIPS/molecule-autoencoder all_drugs.smi
Fluorescein	O=C1OC2(c3ccc(O)cc3Oc3cc(O)ccc32)c2ccccc21	HIPS/molecule-autoencoder all_drugs.smi
Fluorouracil	O=c1[nH]cc(F)c(=O)[nH]1	HIPS/molecule-autoencoder all_drugs.smi
Fluoxetine	CNCCC(Oc1ccc(C(F)(F)F)cc1)c1ccccc1	HIPS/molecule-autoencoder all_drugs.smi
Fluoxymesterone	C[C@]1(O)CC[C@H]2[C@@H]3CCC4=CC(=O)CC[C@]4(C)[C@@]3(F)[C@@H](O)C[C@@]21C	HIPS/molecule-autoencoder all_drugs.smi
Flupenthixol	OCCN1CCN(CCC=C2c3ccccc3SC3C=CC(C(F)(F)F)=CC23)CC1	HIPS/molecule-autoencoder all_drugs.smi
Fluphenazine	OCCN1CCN(CCCN2c3ccccc3Sc3ccc(C(F)(F)F)cc32)CC1	HIPS/molecule-autoencoder all_drugs.smi
Flurazepam	CCN(CC)CCN1C(=O)CN=C(c2ccccc2F)c2cc(Cl)ccc21	HIPS/molecule-autoencoder all_drugs.smi
Flurbiprofen	CC(C(=O)O)c1ccc(-c2ccccc2)c(F)c1	HIPS/molecule-autoencoder all_drugs.smi
Fluspirilene	O=C1NCN(c2ccccc2)C12CCN(CCCC(c1ccc(F)cc1)c1ccc(F)cc1)CC2	HIPS/molecule-autoencoder all_drugs.smi
Flutamide	CC(C)C(=O)Nc1ccc([N+](=O)[O-])c(C(F)(F)F)c1	HIPS/molecule-autoencoder all_drugs.smi
Fluvastatin	CC(C)n1c(/C=C/[C@H](O)C[C@H](O)CC(=O)O)c(-c2ccc(F)cc2)c2ccccc21	HIPS/molecule-autoencoder all_drugs.smi
Fluvoxamine	COCCCCC(=NOCCN)c1ccc(C(F)(F)F)cc1	HIPS/molecule-autoencoder all_drugs.smi
Folic	Nc1nc(=O)c2nc(CNc3ccc(C(=O)N[C@@H](CCC(=O)O)C(=O)O)cc3)cnc2[nH]1	HIPS/molecule-autoencoder all_drugs.smi
Forasartan	CCCCc1nc(CCCC)n(Cc2ccc(-c3ccccc3-c3nn[nH]n3)nc2)n1	HIPS/molecule-autoencoder all_drugs.smi
Formestane	C[C@]12CCC(=O)C(O)=C1CC[C@@H]1[C@@H]2CC[C@]2(C)C(=O)CC[C@@H]12	HIPS/molecule-autoencoder all_drugs.smi
Formoterol	COc1ccc(CC(C)NCC(O)c2ccc(O)c(NC=O)c2)cc1	HIPS/molecule-autoencoder all_drugs.smi
Fosfomycin	C[C@@H]1O[C@@H]1P(=O)(O)O	HIPS/molecule-autoencoder all_drugs.smi
Fosphenytoin	O=C1NC(c2ccccc2)(c2ccccc2)C(=O)N1COP(=O)(O)O	HIPS/molecule-autoencoder all_drugs.smi
Fospropofol	CC(C)c1cccc(C(C)C)c1OCOP(=O)(O)O	HIPS/molecule-autoencoder all_drugs.smi
Frovatriptan	CN[C@@H]1CCc2[nH]c3ccc(C(N)=O)cc3c2C1	HIPS/molecule-autoencoder all_drugs.smi
Furazolidone	O=C1OCCN1N=Cc1ccc([N+](=O)[O-])o1	HIPS/molecule-autoencoder all_drugs.smi
Furosemide	NS(=O)(=O)c1cc(C(=O)O)c(NCc2ccco2)cc1Cl	HIPS/molecule-autoencoder all_drugs.smi
Gabapentin	NCC1(CC(=O)O)CCCCC1	HIPS/molecule-autoencoder all_drugs.smi
Galantamine	COc1ccc2c3c1O[C@H]1C[C@@H](O)C=C[C@@]31CCN(C)C2	HIPS/molecule-autoencoder all_drugs.smi
gamma-Homolinolenic	CCCCC/C=C\C/C=C\C/C=C\CCCCCCC(=O)O	HIPS/molecule-autoencoder all_drugs.smi
Ganciclovir	Nc1nc(=O)c2ncn(COC(CO)CO)c2[nH]1	HIPS/molecule-autoencoder all_drugs.smi
Gatifloxacin	COc1c(N2CCNC(C)C2)c(F)cc2c(=O)c(C(=O)O)cn(C3CC3)c12	HIPS/molecule-autoencoder all_drugs.smi
Gefitinib	COc1cc2ncnc(Nc3ccc(F)c(Cl)c3)c2cc1OCCCN1CCOCC1	HIPS/molecule-autoencoder all_drugs.smi
Gemcitabine	Nc1ccn([C@@H]2O[C@H](CO)[C@@H](O)C2(F)F)c(=O)n1	HIPS/molecule-autoencoder all_drugs.smi
Gemfibrozil	Cc1ccc(C)c(OCCCC(C)(C)C(=O)O)c1	HIPS/molecule-autoencoder all_drugs.smi
Gemifloxacin	CO/N=C1\CN(c2nc3c(cc2F)c(=O)c(C(=O)O)cn3C2CC2)CC1CN	HIPS/molecule-autoencoder all_drugs.smi
Gentamicin	CNC(C)C1CCC(N)C(OC2C(N)CC(N)C(OC3OCC(C)(O)C(NC)C3O)C2O)O1	HIPS/molecule-autoencoder all_drugs.smi
Gestodene	C#C[C@]1(O)C=C[C@H]2[C@@H]3CCC4=CC(=O)CC[C@@H]4[C@H]3CC[C@@]21CC	HIPS/molecule-autoencoder all_drugs.smi
Gliclazide	Cc1ccc(S(=O)(=O)NC(=O)NN2CC3CCCC3C2)cc1	HIPS/molecule-autoencoder all_drugs.smi
Glimepiride	CCC1=C(C)CN(C(=O)NCCc2ccc(S(=O)(=O)NC(=O)NC3CCC(C)CC3)cc2)C1=O	HIPS/molecule-autoencoder all_drugs.smi
Glipizide	Cc1cnc(C(=O)NCCc2ccc(S(=O)(=O)NC(=O)NC3CCCCC3)cc2)cn1	HIPS/molecule-autoencoder all_drugs.smi
Glisoxepide	Cc1cc(C(=O)NCCc2ccc(S(=O)(=O)NC(=O)NN3CCCCCC3)cc2)no1	HIPS/molecule-autoencoder all_drugs.smi
Glucosamine	N[C@H]1C(O)O[C@H](CO)[C@@H](O)[C@@H]1O	HIPS/molecule-autoencoder all_drugs.smi
Glutathione	N[C@@H](CCC(=O)N[C@@H](CS)C(=O)NCC(=O)O)C(=O)O	HIPS/molecule-autoencoder all_drugs.smi
Glutethimide	CCC1(c2ccccc2)CCC(=O)NC1=O	HIPS/molecule-autoencoder all_drugs.smi
Glyburide	COc1ccc(Cl)cc1C(=O)NCCc1ccc(S(=O)(=O)NC(=O)NC2CCCCC2)cc1	HIPS/molecule-autoencoder all_drugs.smi
Glycodiazine	COCCOc1cnc(NS(=O)(=O)c2ccccc2)nc1	HIPS/molecule-autoencoder all_drugs.smi
Granisetron	CN1C2CCCC1CC(NC(=O)c1nn(C)c3ccccc13)C2	HIPS/molecule-autoencoder all_drugs.smi
Grepafloxacin	Cc1c(F)c(N2CCNC(C)C2)cc2c1c(=O)c(C(=O)O)cn2C1CC1	HIPS/molecule-autoencoder all_drugs.smi
Griseofulvin	COC1=CC(=O)C[C@@H](C)[C@]12Oc1c(Cl)c(OC)cc(OC)c1C2=O	HIPS/molecule-autoencoder all_drugs.smi
Guaifenesin	COc1ccccc1OCC(O)CO	HIPS/molecule-autoencoder all_drugs.smi
Guanabenz	NC(N)=NN=Cc1c(Cl)cccc1Cl	HIPS/molecule-autoencoder all_drugs.smi
Guanadrel	NC(N)=NCC1COC2(CCCCC2)O1	HIPS/molecule-autoencoder all_drugs.smi
Guanethidine	NC(N)=NCCN1CCCCCCC1	HIPS/molecule-autoencoder all_drugs.smi
Guanfacine	N=C(N)NC(=O)Cc1c(Cl)cccc1Cl	HIPS/molecule-autoencoder all_drugs.smi
Halazepam	O=C1CN=C(c2ccccc2)c2cc(Cl)ccc2N1CC(F)(F)F	HIPS/molecule-autoencoder all_drugs.smi
Halofantrine	CCCCN(CCCC)CCC(O)c1cc2c(Cl)cc(Cl)cc2c2cc(C(F)(F)F)ccc12	HIPS/molecule-autoencoder all_drugs.smi
Haloperidol	O=C(CCCN1CCC(O)(c2ccc(Cl)cc2)CC1)c1ccc(F)cc1	HIPS/molecule-autoencoder all_drugs.smi
Haloprogin	Clc1cc(Cl)c(OCC#CI)cc1Cl	HIPS/molecule-autoencoder all_drugs.smi
Heptabarbital	CCC1(C2=CCCCCC2)C(=O)NC(=O)NC1=O	HIPS/molecule-autoencoder all_drugs.smi
Heroin	CC(=O)Oc1ccc2c3c1O[C@H]1[C@@H](OC(C)=O)C=C[C@H]4[C@@H](C2)N(C)CC[C@@]341	HIPS/molecule-autoencoder all_drugs.smi
Hesperetin	COc1ccc([C@@H]2CC(=O)c3c(O)cc(O)cc3O2)cc1O	HIPS/molecule-autoencoder all_drugs.smi
Hetacillin	CC1(C)S[C@@H]2[C@H](N3C(=O)[C@@H](c4ccccc4)NC3(C)C)C(=O)N2[C@H]1C(=O)O	HIPS/molecule-autoencoder all_drugs.smi
Hexachlorophene	Oc1c(Cl)cc(Cl)c(Cl)c1Cc1c(O)c(Cl)cc(Cl)c1Cl	HIPS/molecule-autoencoder all_drugs.smi
Hexobarbital	CN1C(=O)NC(=O)C(C)(C2=CCCCC2)C1=O	HIPS/molecule-autoencoder all_drugs.smi
Hexylcaine	CC(CNC1CCCCC1)OC(=O)c1ccccc1	HIPS/molecule-autoencoder all_drugs.smi
Hydralazine	NNc1nncc2ccccc12	HIPS/molecule-autoencoder all_drugs.smi
Hydrochlorothiazide	NS(=O)(=O)c1cc2c(cc1Cl)NCNS2(=O)=O	HIPS/molecule-autoencoder all_drugs.smi
Hydrocodone	COc1ccc2c3c1O[C@H]1C(=O)CC[C@H]4[C@@H](C2)N(C)CC[C@]314	HIPS/molecule-autoencoder all_drugs.smi
Hydroflumethiazide	NS(=O)(=O)c1cc2c(cc1C(F)(F)F)NCNS2(=O)=O	HIPS/molecule-autoencoder all_drugs.smi
Hydromorphone	CN1CC[C@]23c4c5ccc(O)c4O[C@H]2C(=O)CC[C@H]3[C@H]1C5	HIPS/molecule-autoencoder all_drugs.smi
Hydroxychloroquine	CCN(CCO)CCCC(C)Nc1ccnc2cc(Cl)ccc12	HIPS/molecule-autoencoder all_drugs.smi
Hydroxyproline	O=C(O)C1C[C@H](O)CN1	HIPS/molecule-autoencoder all_drugs.smi
Hydroxystilbamidine	N=C(N)C1=CC(=O)/C(=C\C=c2ccc(=C(N)N)cc2)C=C1	HIPS/molecule-autoencoder all_drugs.smi
Hydroxyzine	OCCOCCN1CCN(C(c2ccccc2)c2ccc(Cl)cc2)CC1	HIPS/molecule-autoencoder all_drugs.smi
Hyoscyamine	CN1[C@@H]2CC[C@H]1C[C@@H](OC(=O)[C@H](CO)c1ccccc1)C2	HIPS/molecule-autoencoder all_drugs.smi
Ibandronate	CCCCCN(C)CCC(O)(P(=O)(O)O)P(=O)(O)O	HIPS/molecule-autoencoder all_drugs.smi
Ibudilast	CC(C)C(=O)c1c(C(C)C)nn2ccccc12	HIPS/molecule-autoencoder all_drugs.smi
Ibuprofen	CC(C)Cc1ccc(C(C)C(=O)O)cc1	HIPS/molecule-autoencoder all_drugs.smi
Ibutilide	CCCCCCCN(CC)CCCC(O)c1ccc(NS(C)(=O)=O)cc1	HIPS/molecule-autoencoder all_drugs.smi
Icosapent	CC/C=C\C/C=C\C/C=C\C/C=C\C/C=C\CCCC(=O)O	HIPS/molecule-autoencoder all_drugs.smi
Icosapent	CC/C=C\C/C=C\C/C=C\C/C=C\C/C=C\CCCC(=O)OCC	HIPS/molecule-autoencoder all_drugs.smi
Idoxuridine	O=c1[nH]c(=O)n([C@H]2C[C@H](O)[C@@H](CO)O2)cc1I	HIPS/molecule-autoencoder all_drugs.smi
Ifosfamide	O=P1(NCCCl)OCCCN1CCCl	HIPS/molecule-autoencoder all_drugs.smi
Iloperidone	COc1cc(C(C)=O)ccc1OCCCN1CCC(c2noc3cc(F)ccc23)CC1	HIPS/molecule-autoencoder all_drugs.smi
Iloprost	CC#CCC(C)C(O)/C=C/C1C(O)CC2C/C(=C/CCCC(=O)OCC(=O)c3ccccc3)CC21	HIPS/molecule-autoencoder all_drugs.smi
Imipenem	C[C@@H](O)[C@H]1C(=O)N2C(C(=O)O)=C(SCC/N=C/N)C[C@H]12	HIPS/molecule-autoencoder all_drugs.smi
Imipramine	CN(C)CCCN1c2ccccc2CCc2ccccc21	HIPS/molecule-autoencoder all_drugs.smi
Imiquimod	CC(C)Cn1cnc2c(N)nc3ccccc3c21	HIPS/molecule-autoencoder all_drugs.smi
Indacaterol	CCc1cc2c(cc1CC)CC(NC[C@H](O)c1ccc(O)c3[nH]c(=O)ccc13)C2	HIPS/molecule-autoencoder all_drugs.smi
Indapamide	CC1Cc2ccccc2N1NC(=O)c1ccc(Cl)c(S(N)(=O)=O)c1	HIPS/molecule-autoencoder all_drugs.smi
Indecainide	CC(C)NCCCC1(C(N)=O)c2ccccc2-c2ccccc21	HIPS/molecule-autoencoder all_drugs.smi
Indomethacin	COc1ccc2c(c1)c(CC(=O)O)c(C)n2C(=O)c1ccc(Cl)cc1	HIPS/molecule-autoencoder all_drugs.smi
Iobenguane	NC(N)=NCc1cccc(I)c1	HIPS/molecule-autoencoder all_drugs.smi
Ioflupane	COC(=O)[C@@H]1C2CCC(C[C@@H]1c1ccc(I)cc1)N2CCCF	HIPS/molecule-autoencoder all_drugs.smi
Iophendylate	CCOC(=O)CCCCCCCCC(C)c1ccccc1I	HIPS/molecule-autoencoder all_drugs.smi
Irbesartan	CCCCC1=NC2(CCCC2)C(=O)N1Cc1ccc(-c2ccccc2-c2nn[nH]n2)cc1	HIPS/molecule-autoencoder all_drugs.smi
Isocarboxazid	Cc1cc(C(=O)NNCc2ccccc2)no1	HIPS/molecule-autoencoder all_drugs.smi
Isoetharine	CCC(NC(C)C)C(O)c1ccc(O)c(O)c1	HIPS/molecule-autoencoder all_drugs.smi
Isoflurane	FC(F)OC(Cl)C(F)(F)F	HIPS/molecule-autoencoder all_drugs.smi
Isoflurophate	CC(C)OP(=O)(F)OC(C)C	HIPS/molecule-autoencoder all_drugs.smi
Isometheptene	CNC(C)CCC=C(C)C	HIPS/molecule-autoencoder all_drugs.smi
Isoniazid	NNC(=O)c1ccncc1	HIPS/molecule-autoencoder all_drugs.smi
Isoproterenol	CC(C)NCC(O)c1ccc(O)c(O)c1	HIPS/molecule-autoencoder all_drugs.smi
Isosorbide	O=[N+]([O-])O[C@H]1CO[C@H]2[C@@H]1OC[C@H]2O[N+](=O)[O-]	HIPS/molecule-autoencoder all_drugs.smi
Isosorbide	O=[N+]([O-])O[C@@H]1CO[C@H]2[C@@H]1OC[C@@H]2O	HIPS/molecule-autoencoder all_drugs.smi
Isothipendyl	CC(CN1c2ccccc2Sc2cccnc21)N(C)C	HIPS/molecule-autoencoder all_drugs.smi
Isotretinoin	CC1=C(/C=C/C(C)=C/C=C/C(C)=C\C(=O)O)C(C)(C)CCC1	HIPS/molecule-autoencoder all_drugs.smi
Isradipine	COC(=O)C1=C(C)NC(C)=C(C(=O)OC(C)C)C1c1cccc2nonc12	HIPS/molecule-autoencoder all_drugs.smi
Ivacaftor	CC(C)(C)c1cc(C(C)(C)C)c(NC(=O)c2c[nH]c3ccccc3c2=O)cc1O	HIPS/molecule-autoencoder all_drugs.smi
Ketamine	CNC1(c2ccccc2Cl)CCCCC1=O	HIPS/molecule-autoencoder all_drugs.smi
Ketazolam	CC1=CC(=O)N2CC(=O)N(C)c3ccc(Cl)cc3C2(c2ccccc2)O1	HIPS/molecule-autoencoder all_drugs.smi
Ketoconazole	CC(=O)N1CCN(c2ccc(OCC3COC(Cn4ccnc4)(c4ccc(Cl)cc4Cl)O3)cc2)CC1	HIPS/molecule-autoencoder all_drugs.smi
Ketoprofen	CC(C(=O)O)c1cccc(C(=O)c2ccccc2)c1	HIPS/molecule-autoencoder all_drugs.smi
Ketorolac	O=C(c1ccccc1)c1ccc2n1CCC2C(=O)O	HIPS/molecule-autoencoder all_drugs.smi
Ketotifen	CN1CCC(=C2c3ccccc3CC(=O)c3sccc32)CC1	HIPS/molecule-autoencoder all_drugs.smi
L-Arginine	N=C(N)NCCC[C@H](N)C(=O)O	HIPS/molecule-autoencoder all_drugs.smi
L-Asparagine	NC(=O)C[C@H](N)C(=O)O	HIPS/molecule-autoencoder all_drugs.smi
L-Aspartic	N[C@@H](CC(=O)O)C(=O)O	HIPS/molecule-autoencoder all_drugs.smi
L-Carnitine	C[N+](C)(C)C[C@H](O)CC(=O)[O-]	HIPS/molecule-autoencoder all_drugs.smi
L-Citrulline	NC(=O)NCCC[C@H](N)C(=O)O	HIPS/molecule-autoencoder all_drugs.smi
L-Cystine	N[C@@H](CSSC[C@H](N)C(=O)O)C(=O)O	HIPS/molecule-autoencoder all_drugs.smi
L-Glutamic	N[C@@H](CCC(=O)O)C(=O)O	HIPS/molecule-autoencoder all_drugs.smi
L-Glutamine	NC(=O)CC[C@H](N)C(=O)O	HIPS/molecule-autoencoder all_drugs.smi
L-Histidine	N[C@@H](Cc1cnc[nH]1)C(=O)O	HIPS/molecule-autoencoder all_drugs.smi
L-Isoleucine	CC[C@H](C)[C@H](N)C(=O)O	HIPS/molecule-autoencoder all_drugs.smi
L-Leucine	CC(C)C[C@H](N)C(=O)O	HIPS/molecule-autoencoder all_drugs.smi
L-Lysine	NCCCC[C@H](N)C(=O)O	HIPS/molecule-autoencoder all_drugs.smi
L-Methionine	CSCC[C@H](N)C(=O)O	HIPS/molecule-autoencoder all_drugs.smi
L-Ornithine	NCCC[C@H](N)C(=O)O	HIPS/molecule-autoencoder all_drugs.smi
L-Phenylalanine	N[C@@H](Cc1ccccc1)C(=O)O	HIPS/molecule-autoencoder all_drugs.smi
L-Tryptophan	N[C@@H](Cc1c[nH]c2ccccc12)C(=O)O	HIPS/molecule-autoencoder all_drugs.smi
L-Tyrosine	N[C@@H](Cc1ccc(O)cc1)C(=O)O	HIPS/molecule-autoencoder all_drugs.smi
Labetalol	CC(CCc1ccccc1)NCC(O)c1ccc(O)c(C(N)=O)c1	HIPS/molecule-autoencoder all_drugs.smi
Lacosamide	COC[C@@H](NC(C)=O)C(=O)NCc1ccccc1	HIPS/molecule-autoencoder all_drugs.smi
Lamivudine	Nc1ccn([C@@H]2CS[C@H](CO)O2)c(=O)n1	HIPS/molecule-autoencoder all_drugs.smi
Lamotrigine	Nc1nnc(-c2cccc(Cl)c2Cl)c(N)n1	HIPS/molecule-autoencoder all_drugs.smi
Lansoprazole	Cc1c(OCC(F)(F)F)ccnc1CS(=O)c1nc2ccccc2[nH]1	HIPS/molecule-autoencoder all_drugs.smi
Leflunomide	Cc1oncc1C(=O)Nc1ccc(C(F)(F)F)cc1	HIPS/molecule-autoencoder all_drugs.smi
Lenalidomide	Nc1cccc2c1CN(C1CCC(=O)NC1=O)C2=O	HIPS/molecule-autoencoder all_drugs.smi
Letrozole	N#Cc1ccc(C(c2ccc(C#N)cc2)n2cncn2)cc1	HIPS/molecule-autoencoder all_drugs.smi
Leucovorin	Nc1nc(=O)c2c([nH]1)NCC(CNc1ccc(C(=O)N[C@H](CCC(=O)O)C(=O)O)cc1)N2C=O	HIPS/molecule-autoencoder all_drugs.smi
Levallorphan	C=CCN1CC[C@]23CCCC[C@H]2[C@H]1Cc1ccc(O)cc13	HIPS/molecule-autoencoder all_drugs.smi
Levamisole	c1ccc([C@H]2CN3CCSC3=N2)cc1	HIPS/molecule-autoencoder all_drugs.smi
Levetiracetam	CC[C@H](C(N)=O)N1CCCC1=O	HIPS/molecule-autoencoder all_drugs.smi
Levobunolol	CC(C)(C)NC[C@H](O)COc1cccc2c1CCCC2=O	HIPS/molecule-autoencoder all_drugs.smi
Levobupivacaine	CCCCN1CCCC[C@H]1C(=O)Nc1c(C)cccc1C	HIPS/molecule-autoencoder all_drugs.smi
Levocabastine	C[C@@H]1CN(C2CCC(C#N)(c3ccc(F)cc3)CC2)CC[C@]1(C(=O)O)c1ccccc1	HIPS/molecule-autoencoder all_drugs.smi
Levodopa	N[C@@H](Cc1ccc(O)c(O)c1)C(=O)O	HIPS/molecule-autoencoder all_drugs.smi
Levofloxacin	C[C@H]1COc2c(N3CCN(C)CC3)c(F)cc3c(=O)c(C(=O)O)cn1c23	HIPS/molecule-autoencoder all_drugs.smi
Levomethadyl	CC[C@H](OC(C)=O)C(C[C@H](C)N(C)C)(c1ccccc1)c1ccccc1	HIPS/molecule-autoencoder all_drugs.smi
Levomilnacipran	CCN(CC)C(=O)[C@@]1(c2ccccc2)C[C@H]1CN	HIPS/molecule-autoencoder all_drugs.smi
Levonordefrin	C[C@H](N)[C@H](O)c1ccc(O)c(O)c1	HIPS/molecule-autoencoder all_drugs.smi
Levonorgestrel	C#C[C@]1(O)CC[C@H]2[C@@H]3CCC4=CC(=O)CC[C@@H]4[C@H]3CC[C@@]21CC	HIPS/molecule-autoencoder all_drugs.smi
Levorphanol	CN1CC[C@]23CCCC[C@H]2[C@H]1Cc1ccc(O)cc13	HIPS/molecule-autoencoder all_drugs.smi
Levosimendan	C[C@@H]1CC(=O)NN=C1c1ccc(NN=C(C#N)C#N)cc1	HIPS/molecule-autoencoder all_drugs.smi
Lidocaine	CCN(CC)CC(=O)Nc1c(C)cccc1C	HIPS/molecule-autoencoder all_drugs.smi
Linagliptin	CC#CCn1c(N2CCC[C@@H](N)C2)nc2c1c(=O)n(Cc1nc(C)c3ccccc3n1)c(=O)n2C	HIPS/molecule-autoencoder all_drugs.smi
Lindane	Cl[C@H]1[C@H](Cl)[C@@H](Cl)[C@@H](Cl)[C@H](Cl)[C@H]1Cl	HIPS/molecule-autoencoder all_drugs.smi
Linezolid	CC(=O)NC[C@H]1CN(c2ccc(N3CCOCC3)c(F)c2)C(=O)O1	HIPS/molecule-autoencoder all_drugs.smi
Lipoic	O=C(O)CCCCC1CCSS1	HIPS/molecule-autoencoder all_drugs.smi
Lisdexamfetamine	C[C@@H](Cc1ccccc1)NC(=O)[C@@H](N)CCCCN	HIPS/molecule-autoencoder all_drugs.smi
Lisinopril	NCCCC[C@H](N[C@@H](CCc1ccccc1)C(=O)O)C(=O)N1CCC[C@H]1C(=O)O	HIPS/molecule-autoencoder all_drugs.smi
Lisuride	CCN(CC)C(=O)N[C@H]1C=C2c3cccc4[nH]cc(c34)C[C@H]2N(C)C1	HIPS/molecule-autoencoder all_drugs.smi
Lofexidine	CC(Oc1c(Cl)cccc1Cl)C1=NCCN1	HIPS/molecule-autoencoder all_drugs.smi
Lomefloxacin	CCn1cc(C(=O)O)c(=O)c2cc(F)c(N3CCNC(C)C3)c(F)c21	HIPS/molecule-autoencoder all_drugs.smi
Lomustine	O=NN(CCCl)C(=O)NC1CCCCC1	HIPS/molecule-autoencoder all_drugs.smi
Loperamide	CN(C)C(=O)C(CCN1CCC(O)(c2ccc(Cl)cc2)CC1)(c1ccccc1)c1ccccc1	HIPS/molecule-autoencoder all_drugs.smi
Loracarbef	N[C@@H](C(=O)N[C@@H]1C(=O)N2C(C(=O)O)=C(Cl)CC[C@H]12)c1ccccc1	HIPS/molecule-autoencoder all_drugs.smi
Loratadine	CCOC(=O)N1CCC(=C2c3ccc(Cl)cc3CCc3cccnc32)CC1	HIPS/molecule-autoencoder all_drugs.smi
Lorazepam	O=C1Nc2ccc(Cl)cc2C(c2ccccc2Cl)=NC1O	HIPS/molecule-autoencoder all_drugs.smi
Lornoxicam	CN1/C(=C(/O)Nc2ccccn2)C(=O)c2sc(Cl)cc2S1(=O)=O	HIPS/molecule-autoencoder all_drugs.smi
Losartan	CCCCc1nc(Cl)c(CO)n1Cc1ccc(-c2ccccc2-c2nn[nH]n2)cc1	HIPS/molecule-autoencoder all_drugs.smi
Loxapine	CN1CCN(C2=Nc3ccccc3Oc3ccc(Cl)cc32)CC1	HIPS/molecule-autoencoder all_drugs.smi
Lubiprostone	CCCCC(F)(F)[C@@]1(O)CC[C@@H]2[C@H](CCCCCCC(=O)O)C(=O)C[C@H]2O1	HIPS/molecule-autoencoder all_drugs.smi
Lucanthone	CCN(CC)CCNc1ccc(C)c2sc3ccccc3c(=O)c12	HIPS/molecule-autoencoder all_drugs.smi
Lumefantrine	CCCCN(CCCC)CC(O)c1cc(Cl)cc2c1-c1ccc(Cl)cc1/C2=C/c1ccc(Cl)cc1	HIPS/molecule-autoencoder all_drugs.smi
Lumiracoxib	Cc1ccc(Nc2c(F)cccc2Cl)c(CC(=O)O)c1	HIPS/molecule-autoencoder all_drugs.smi
Malathion	CCOC(=O)CC(SP(=S)(OC)OC)C(=O)OCC	HIPS/molecule-autoencoder all_drugs.smi
Mannitol	OC[C@@H](O)[C@@H](O)[C@H](O)[C@H](O)CO	HIPS/molecule-autoencoder all_drugs.smi
Maprotiline	CNCCCC12CCC(c3ccccc31)c1ccccc12	HIPS/molecule-autoencoder all_drugs.smi
Marimastat	CNC(=O)[C@@H](NC(=O)[C@H](CC(C)C)[C@H](O)C(=O)NO)C(C)(C)C	HIPS/molecule-autoencoder all_drugs.smi
Masoprocol	C[C@H](Cc1ccc(O)c(O)c1)[C@@H](C)Cc1ccc(O)c(O)c1	HIPS/molecule-autoencoder all_drugs.smi
Mazindol	OC1(c2ccc(Cl)cc2)c2ccccc2C2=NCCN21	HIPS/molecule-autoencoder all_drugs.smi
Mebendazole	COC(=O)Nc1nc2ccc(C(=O)c3ccccc3)cc2[nH]1	HIPS/molecule-autoencoder all_drugs.smi
Mecamylamine	CNC1(C)C2CCC(C2)C1(C)C	HIPS/molecule-autoencoder all_drugs.smi
Mechlorethamine	CN(CCCl)CCCl	HIPS/molecule-autoencoder all_drugs.smi
Meclizine	Cc1cccc(CN2CCN(C(c3ccccc3)c3ccc(Cl)cc3)CC2)c1	HIPS/molecule-autoencoder all_drugs.smi
Meclofenamic	Cc1ccc(Cl)c(Nc2ccccc2C(=O)O)c1Cl	HIPS/molecule-autoencoder all_drugs.smi
Mefenamic	Cc1cccc(Nc2ccccc2C(=O)O)c1C	HIPS/molecule-autoencoder all_drugs.smi
Mefloquine	OC(c1cc(C(F)(F)F)nc2c(C(F)(F)F)cccc12)C1CCCCN1	HIPS/molecule-autoencoder all_drugs.smi
Megestrol	CC(=O)[C@@]1(O)CC[C@H]2[C@@H]3C=CC4=CC(=O)CC[C@]4(C)[C@H]3CC[C@@]21C	HIPS/molecule-autoencoder all_drugs.smi
Melatonin	COc1ccc2[nH]cc(CCNC(C)=O)c2c1	HIPS/molecule-autoencoder all_drugs.smi
Meloxicam	Cc1cnc(NC(=O)C2=C(O)c3ccccc3S(=O)(=O)N2C)s1	HIPS/molecule-autoencoder all_drugs.smi
Melphalan	N[C@@H](Cc1ccc(N(CCCl)CCCl)cc1)C(=O)O	HIPS/molecule-autoencoder all_drugs.smi
Memantine	CC12CC3CC(C)(C1)CC(N)(C3)C2	HIPS/molecule-autoencoder all_drugs.smi
Menadione	CC1=CC(=O)c2ccccc2C1=O	HIPS/molecule-autoencoder all_drugs.smi
Menthol	CC(C)[C@@H]1CC[C@@H](C)C[C@H]1O	HIPS/molecule-autoencoder all_drugs.smi
Meperidine	CCOC(=O)C1(c2ccccc2)CCN(C)CC1	HIPS/molecule-autoencoder all_drugs.smi
Mephentermine	CNC(C)(C)Cc1ccccc1	HIPS/molecule-autoencoder all_drugs.smi
Mephenytoin	CCC1(c2ccccc2)NC(=O)N(C)C1=O	HIPS/molecule-autoencoder all_drugs.smi
Mepivacaine	Cc1cccc(C)c1NC(=O)C1CCCCN1C	HIPS/molecule-autoencoder all_drugs.smi
Meprobamate	CCCC(C)(COC(N)=O)COC(N)=O	HIPS/molecule-autoencoder all_drugs.smi
Mepyramine	COc1ccc(CN(CCN(C)C)c2ccccn2)cc1	HIPS/molecule-autoencoder all_drugs.smi
Mequitazine	c1ccc2c(c1)Sc1ccccc1N2CC1CN2CCC1CC2	HIPS/molecule-autoencoder all_drugs.smi
Mercaptopurine	S=c1nc[nH]c2nc[nH]c12	HIPS/molecule-autoencoder all_drugs.smi
Mesalazine	Nc1ccc(O)c(C(=O)O)c1	HIPS/molecule-autoencoder all_drugs.smi
Mesoridazine	CN1CCCCC1CCN1c2ccccc2Sc2ccc(S(C)=O)cc21	HIPS/molecule-autoencoder all_drugs.smi
Mestranol	C#C[C@]1(O)CC[C@H]2[C@@H]3CCc4cc(OC)ccc4[C@H]3CC[C@@]21C	HIPS/molecule-autoencoder all_drugs.smi
Metaraminol	C[C@H](N)[C@H](O)c1cccc(O)c1	HIPS/molecule-autoencoder all_drugs.smi
Metaxalone	Cc1cc(C)cc(OCC2CNC(=O)O2)c1	HIPS/molecule-autoencoder all_drugs.smi
Metformin	CN(C)C(=N)NC(=N)N	HIPS/molecule-autoencoder all_drugs.smi
Methadone	CCC(=O)C(CC(C)N(C)C)(c1ccccc1)c1ccccc1	HIPS/molecule-autoencoder all_drugs.smi
Methadyl	CCC(OC(C)=O)C(CC(C)N(C)C)(c1ccccc1)c1ccccc1	HIPS/molecule-autoencoder all_drugs.smi
Methamphetamine	CN[C@@H](C)Cc1ccccc1	HIPS/molecule-autoencoder all_drugs.smi
Metharbital	CCC1(CC)C(=O)NC(=O)N(C)C1=O	HIPS/molecule-autoencoder all_drugs.smi
Methazolamide	CC(=O)/N=c1\sc(S(N)(=O)=O)nn1C	HIPS/molecule-autoencoder all_drugs.smi
Methdilazine	CN1CCC(CN2c3ccccc3Sc3ccccc32)C1	HIPS/molecule-autoencoder all_drugs.smi
Methocarbamol	COc1ccccc1OCC(O)COC(N)=O	HIPS/molecule-autoencoder all_drugs.smi
Methohexital	C=CCC1(C(C)C#CCC)C(=O)NC(=O)N(C)C1=O	HIPS/molecule-autoencoder all_drugs.smi
Methotrexate	CN(Cc1cnc2nc(N)nc(N)c2n1)c1ccc(C(=O)N[C@@H](CCC(=O)O)C(=O)O)cc1	HIPS/molecule-autoencoder all_drugs.smi
Methotrimeprazine	COc1ccc2c(c1)N(C[C@H](C)CN(C)C)c1ccccc1S2	HIPS/molecule-autoencoder all_drugs.smi
Methoxamine	COc1ccc(OC)c(C(O)C(C)N)c1	HIPS/molecule-autoencoder all_drugs.smi
Methoxsalen	COc1c2occc2cc2ccc(=O)oc12	HIPS/molecule-autoencoder all_drugs.smi
Methoxyflurane	COC(F)(F)C(Cl)Cl	HIPS/molecule-autoencoder all_drugs.smi
Methsuximide	CN1C(=O)CC(C)(c2ccccc2)C1=O	HIPS/molecule-autoencoder all_drugs.smi
Methyclothiazide	CN1C(CCl)Nc2cc(Cl)c(S(N)(=O)=O)cc2S1(=O)=O	HIPS/molecule-autoencoder all_drugs.smi
Methyl	COC(=O)CCC(=O)CN	HIPS/molecule-autoencoder all_drugs.smi
Methyldopa	C[C@](N)(Cc1ccc(O)c(O)c1)C(=O)O	HIPS/molecule-autoencoder all_drugs.smi
Methylergonovine	CC[C@@H](CO)NC(=O)[C@@H]1C=C2c3cccc4[nH]cc(c34)C[C@H]2N(C)C1	HIPS/molecule-autoencoder all_drugs.smi
Methylphenidate	COC(=O)C(c1ccccc1)C1CCCCN1	HIPS/molecule-autoencoder all_drugs.smi
Methylphenobarbital	CCC1(c2ccccc2)C(=O)NC(=O)N(C)C1=O	HIPS/molecule-autoencoder all_drugs.smi
Methyltestosterone	C[C@]12CCC(=O)C=C1CC[C@@H]1[C@@H]2CC[C@@]2(C)[C@H]1CC[C@]2(C)O	HIPS/molecule-autoencoder all_drugs.smi
Methyprylon	CCC1(CC)C(=O)NCC(C)C1=O	HIPS/molecule-autoencoder all_drugs.smi
Methysergide	CCC(CO)NC(=O)[C@@H]1C=C2c3cccc4c3c(cn4C)C[C@H]2N(C)C1	HIPS/molecule-autoencoder all_drugs.smi
Meticillin	COc1cccc(OC)c1C(=O)N[C@@H]1C(=O)N2[C@@H]1SC(C)(C)[C@@H]2C(=O)O	HIPS/molecule-autoencoder all_drugs.smi
Metipranolol	CC(=O)Oc1c(C)cc(OCC(O)CNC(C)C)c(C)c1C	HIPS/molecule-autoencoder all_drugs.smi
Metixene	CN1CCCC(CC2c3ccccc3Sc3ccccc32)C1	HIPS/molecule-autoencoder all_drugs.smi
Metoclopramide	CCN(CC)CCNC(=O)c1cc(Cl)c(N)cc1OC	HIPS/molecule-autoencoder all_drugs.smi
Metolazone	Cc1ccccc1N1C(=O)c2cc(S(N)(=O)=O)c(Cl)cc2NC1C	HIPS/molecule-autoencoder all_drugs.smi
Metoprolol	COCCc1ccc(OCC(O)CNC(C)C)cc1	HIPS/molecule-autoencoder all_drugs.smi
Metronidazole	Cc1ncc([N+](=O)[O-])n1CCO	HIPS/molecule-autoencoder all_drugs.smi
Metyrapone	CC(C)(C(=O)c1cccnc1)c1cccnc1	HIPS/molecule-autoencoder all_drugs.smi
Metyrosine	C[C@](N)(Cc1ccc(O)cc1)C(=O)O	HIPS/molecule-autoencoder all_drugs.smi
Mexiletine	Cc1cccc(C)c1OCC(C)N	HIPS/molecule-autoencoder all_drugs.smi
Mianserin	CN1CCN2c3ccccc3Cc3ccccc3C2C1	HIPS/molecule-autoencoder all_drugs.smi
Miconazole	Clc1ccc(COC(Cn2ccnc2)c2ccc(Cl)cc2Cl)c(Cl)c1	HIPS/molecule-autoencoder all_drugs.smi
Midazolam	Cc1ncc2n1-c1ccc(Cl)cc1C(c1ccccc1F)=NC2	HIPS/molecule-autoencoder all_drugs.smi
Midodrine	COc1ccc(OC)c(C(O)CNC(=O)CN)c1	HIPS/molecule-autoencoder all_drugs.smi
Miglitol	OCCN1C[C@H](O)[C@@H](O)[C@H](O)[C@H]1CO	HIPS/molecule-autoencoder all_drugs.smi
Miglustat	CCCCN1C[C@H](O)[C@@H](O)[C@H](O)[C@H]1CO	HIPS/molecule-autoencoder all_drugs.smi
Milnacipran	CCN(CC)C(=O)[C@]1(c2ccccc2)C[C@@H]1CN	HIPS/molecule-autoencoder all_drugs.smi
Milrinone	Cc1[nH]c(=O)c(C#N)cc1-c1ccncc1	HIPS/molecule-autoencoder all_drugs.smi
Mimosine	N[C@@H](Cn1ccc(=O)c(O)c1)C(=O)O	HIPS/molecule-autoencoder all_drugs.smi
Minaprine	Cc1cc(-c2ccccc2)nnc1NCCN1CCOCC1	HIPS/molecule-autoencoder all_drugs.smi
Minoxidil	Nc1cc(N2CCCCC2)nc(N)[n+]1[O-]	HIPS/molecule-autoencoder all_drugs.smi
Mirabegron	Nc1nc(CC(=O)Nc2ccc(CCNC[C@H](O)c3ccccc3)cc2)cs1	HIPS/molecule-autoencoder all_drugs.smi
Mirtazapine	CN1CCN2c3ncccc3Cc3ccccc3C2C1	HIPS/molecule-autoencoder all_drugs.smi
Misoprostol	CCCCC(C)(O)C/C=C/[C@H]1[C@H](O)CC(=O)[C@@H]1CCCCCCC(=O)OC	HIPS/molecule-autoencoder all_drugs.smi
Mitiglinide	O=C(O)C(CC(=O)N1CC2CCCCC2C1)Cc1ccccc1	HIPS/molecule-autoencoder all_drugs.smi
Mitomycin	CO[C@@]12[C@H](COC(N)=O)C3=C(C(=O)C(C)=C(N)C3=O)N1C[C@@H]1N[C@@H]12	HIPS/molecule-autoencoder all_drugs.smi
Mitotane	Clc1ccc(C(c2ccccc2Cl)C(Cl)Cl)cc1	HIPS/molecule-autoencoder all_drugs.smi
Mitoxantrone	O=C1c2c(O)ccc(O)c2C(=O)c2c(NCCNCCO)ccc(NCCNCCO)c21	HIPS/molecule-autoencoder all_drugs.smi
Moclobemide	O=C(NCCN1CCOCC1)c1ccc(Cl)cc1	HIPS/molecule-autoencoder all_drugs.smi
Modafinil	NC(=O)CS(=O)C(c1ccccc1)c1ccccc1	HIPS/molecule-autoencoder all_drugs.smi
Moexipril	CCOC(=O)[C@H](CCc1ccccc1)N[C@@H](C)C(=O)N1Cc2cc(OC)c(OC)cc2C[C@H]1C(=O)O	HIPS/molecule-autoencoder all_drugs.smi
Molindone	CCc1c(C)[nH]c2c1C(=O)C(CN1CCOCC1)CC2	HIPS/molecule-autoencoder all_drugs.smi
Monobenzone	Oc1ccc(OCc2ccccc2)cc1	HIPS/molecule-autoencoder all_drugs.smi
Moricizine	CCOC(=O)Nc1ccc2c(c1)N(C(=O)CCN1CCOCC1)c1ccccc1S2	HIPS/molecule-autoencoder all_drugs.smi
Morphine	CN1CC[C@]23c4c5ccc(O)c4O[C@H]2[C@@H](O)C=C[C@H]3[C@H]1C5	HIPS/molecule-autoencoder all_drugs.smi
Moxifloxacin	COc1c(N2C[C@@H]3CCCN[C@@H]3C2)c(F)cc2c(=O)c(C(=O)O)cn(C3CC3)c12	HIPS/molecule-autoencoder all_drugs.smi
Mycophenolate	COc1c(C)c2c(c(O)c1C/C=C(\C)CCC(=O)OCCN1CCOCC1)C(=O)OC2	HIPS/molecule-autoencoder all_drugs.smi
Mycophenolic	COc1c(C)c2c(c(O)c1C/C=C(\C)CCC(=O)O)C(=O)OC2	HIPS/molecule-autoencoder all_drugs.smi
N-Acetyl-D-glucosamine	CC(=O)N[C@@H](C=O)[C@@H](O)[C@H](O)[C@H](O)CO	HIPS/molecule-autoencoder all_drugs.smi
Nabilone	CCCCCCC(C)(C)c1cc(O)c2c(c1)OC(C)(C)[C@@H]1CCC(=O)C[C@@H]21	HIPS/molecule-autoencoder all_drugs.smi
Nabumetone	COc1ccc2cc(CCC(C)=O)ccc2c1	HIPS/molecule-autoencoder all_drugs.smi
Nadolol	CC(C)(C)NCC(O)COc1cccc2c1C[C@H](O)[C@H](O)C2	HIPS/molecule-autoencoder all_drugs.smi
Nafcillin	CCOc1ccc2ccccc2c1C(=O)N[C@@H]1C(=O)N2[C@@H]1SC(C)(C)[C@@H]2C(=O)O	HIPS/molecule-autoencoder all_drugs.smi
Naftifine	CN(CC=Cc1ccccc1)Cc1cccc2ccccc12	HIPS/molecule-autoencoder all_drugs.smi
Nalbuphine	Oc1ccc2c3c1O[C@H]1[C@@H](O)CC[C@@]4(O)[C@@H](C2)N(CC2CCC2)CC[C@]314	HIPS/molecule-autoencoder all_drugs.smi
Nalidixic	CCn1cc(C(=O)O)c(=O)c2ccc(C)nc21	HIPS/molecule-autoencoder all_drugs.smi
Naloxone	C=CCN1CC[C@]23c4c5ccc(O)c4O[C@H]2C(=O)CC[C@@]3(O)[C@H]1C5	HIPS/molecule-autoencoder all_drugs.smi
Naltrexone	O=C1CC[C@@]2(O)[C@H]3Cc4ccc(O)c5c4[C@@]2(CCN3CC2CC2)[C@H]1O5	HIPS/molecule-autoencoder all_drugs.smi
Nandrolone	CCCCCCCCCC(=O)O[C@H]1CC[C@H]2[C@@H]3CCC4=CC(=O)CC[C@@H]4[C@H]3CC[C@]12C	HIPS/molecule-autoencoder all_drugs.smi
Naphazoline	c1ccc2c(CC3=NCCN3)cccc2c1	HIPS/molecule-autoencoder all_drugs.smi
Naproxen	COc1ccc2cc([C@H](C)C(=O)O)ccc2c1	HIPS/molecule-autoencoder all_drugs.smi
Naratriptan	CNS(=O)(=O)CCc1ccc2[nH]cc(C3CCN(C)CC3)c2c1	HIPS/molecule-autoencoder all_drugs.smi
Nateglinide	CC(C)C1CCC(C(=O)N[C@H](Cc2ccccc2)C(=O)O)CC1	HIPS/molecule-autoencoder all_drugs.smi
Nebivolol	OC(CNCC(O)C1CCc2cc(F)ccc2O1)C1CCc2cc(F)ccc2O1	HIPS/molecule-autoencoder all_drugs.smi
Nedocromil	CCCc1c2oc(C(=O)O)cc(=O)c2cc2c(=O)cc(C(=O)O)n(CC)c12	HIPS/molecule-autoencoder all_drugs.smi
Nefazodone	CCc1nn(CCCN2CCN(c3cccc(Cl)c3)CC2)c(=O)n1CCOc1ccccc1	HIPS/molecule-autoencoder all_drugs.smi
Nelarabine	COc1nc(N)nc2c1ncn2[C@@H]1O[C@H](CO)[C@@H](O)[C@@H]1O	HIPS/molecule-autoencoder all_drugs.smi
Nepafenac	NC(=O)Cc1cccc(C(=O)c2ccccc2)c1N	HIPS/molecule-autoencoder all_drugs.smi
Nevirapine	Cc1ccnc2c1NC(=O)c1cccnc1N2C1CC1	HIPS/molecule-autoencoder all_drugs.smi
Niacin	O=C(O)c1cccnc1	HIPS/molecule-autoencoder all_drugs.smi
Nicardipine	COC(=O)C1=C(C)NC(C)=C(C(=O)OCCN(C)Cc2ccccc2)C1c1cccc([N+](=O)[O-])c1	HIPS/molecule-autoencoder all_drugs.smi
Nicergoline	CO[C@]12C[C@@H](COC(=O)c3cncc(Br)c3)CN(C)[C@@H]1Cc1cn(C)c3cccc2c13	HIPS/molecule-autoencoder all_drugs.smi
Niclosamide	O=C(Nc1ccc([N+](=O)[O-])cc1Cl)c1cc(Cl)ccc1O	HIPS/molecule-autoencoder all_drugs.smi
Nicotine	CN1CCCC1c1cccnc1	HIPS/molecule-autoencoder all_drugs.smi
Nifedipine	COC(=O)C1=C(C)NC(C)=C(C(=O)OC)C1c1ccccc1[N+](=O)[O-]	HIPS/molecule-autoencoder all_drugs.smi
Niflumic	O=C(O)c1cccnc1Nc1cccc(C(F)(F)F)c1	HIPS/molecule-autoencoder all_drugs.smi
Nilutamide	CC1(C)NC(=O)N(c2ccc([N+](=O)[O-])c(C(F)(F)F)c2)C1=O	HIPS/molecule-autoencoder all_drugs.smi
Nilvadipine	COC(=O)C1=C(C#N)NC(C)=C(C(=O)OC(C)C)C1c1cccc([N+](=O)[O-])c1	HIPS/molecule-autoencoder all_drugs.smi
Nimodipine	COCCOC(=O)C1=C(C)NC(C)=C(C(=O)OC(C)C)C1c1cccc([N+](=O)[O-])c1	HIPS/molecule-autoencoder all_drugs.smi
Nisoldipine	COC(=O)C1=C(C)NC(C)=C(C(=O)OCC(C)C)C1c1ccccc1[N+](=O)[O-]	HIPS/molecule-autoencoder all_drugs.smi
Nitazoxanide	CC(=O)Oc1ccccc1C(=O)Nc1ncc([N+](=O)[O-])s1	HIPS/molecule-autoencoder all_drugs.smi
Nitisinone	O=C1CCCC(=O)C1C(=O)c1ccc(C(F)(F)F)cc1[N+](=O)[O-]	HIPS/molecule-autoencoder all_drugs.smi
Nitrazepam	O=C1CN=C(c2ccccc2)c2cc([N+](=O)[O-])ccc2N1	HIPS/molecule-autoencoder all_drugs.smi
Nitrendipine	CCOC(=O)C1=C(C)NC(C)=C(C(=O)OC)C1c1cccc([N+](=O)[O-])c1	HIPS/molecule-autoencoder all_drugs.smi
Nitrofurantoin	O=C1CN(/N=C\c2ccc([N+](=O)[O-])o2)C(=O)N1	HIPS/molecule-autoencoder all_drugs.smi
Nitrofurazone	NC(=O)N/N=C/c1ccc([N+](=O)[O-])o1	HIPS/molecule-autoencoder all_drugs.smi
Nitroglycerin	O=[N+]([O-])OCC(CO[N+](=O)[O-])O[N+](=O)[O-]	HIPS/molecule-autoencoder all_drugs.smi
Nitroxoline	O=[N+]([O-])c1ccc(O)c2ncccc12	HIPS/molecule-autoencoder all_drugs.smi
Nizatidine	CN/C(=C\[N+](=O)[O-])NCCSCc1csc(CN(C)C)n1	HIPS/molecule-autoencoder all_drugs.smi
Norelgestromin	C#CC1(O)CCC2C3CCC4=CC(=NO)CCC4C3CCC21CC	HIPS/molecule-autoencoder all_drugs.smi
Norepinephrine	NC[C@H](O)c1ccc(O)c(O)c1	HIPS/molecule-autoencoder all_drugs.smi
Norethindrone	C#C[C@]1(O)CC[C@H]2[C@@H]3CCC4=CC(=O)CC[C@@H]4[C@H]3CC[C@@]21C	HIPS/molecule-autoencoder all_drugs.smi
Norfloxacin	CCn1cc(C(=O)O)c(=O)c2cc(F)c(N3CCNCC3)cc21	HIPS/molecule-autoencoder all_drugs.smi
Norgestimate	C#C[C@]1(OC(C)=O)CC[C@H]2[C@@H]3CCC4=C/C(=N/O)CC[C@@H]4[C@H]3CC[C@@]21CC	HIPS/molecule-autoencoder all_drugs.smi
Nortriptyline	CNCCC=C1c2ccccc2CCc2ccccc21	HIPS/molecule-autoencoder all_drugs.smi
Ofloxacin	CC1COc2c(N3CCN(C)CC3)c(F)cc3c(=O)c(C(=O)O)cn1c23	HIPS/molecule-autoencoder all_drugs.smi
Olanzapine	Cc1cc2c(s1)Nc1ccccc1N=C2N1CCN(C)CC1	HIPS/molecule-autoencoder all_drugs.smi
Olmesartan	CCCc1nc(C(C)(C)O)c(C(=O)O)n1Cc1ccc(-c2ccccc2-c2nnn[nH]2)cc1	HIPS/molecule-autoencoder all_drugs.smi
Olopatadine	CN(C)CC/C=C1/c2ccccc2COc2ccc(CC(=O)O)cc21	HIPS/molecule-autoencoder all_drugs.smi
Olsalazine	O=C(O)c1cc(/N=N/c2ccc(O)c(C(=O)O)c2)ccc1O	HIPS/molecule-autoencoder all_drugs.smi
Omeprazole	COc1ccc2nc(S(=O)Cc3ncc(C)c(OC)c3C)[nH]c2c1	HIPS/molecule-autoencoder all_drugs.smi
Ondansetron	Cc1nccn1CC1CCc2c(c3ccccc3n2C)C1=O	HIPS/molecule-autoencoder all_drugs.smi
Orciprenaline	CC(C)NCC(O)c1cc(O)cc(O)c1	HIPS/molecule-autoencoder all_drugs.smi
Orlistat	CCCCCCCCCCC[C@@H](C[C@@H]1OC(=O)[C@H]1CCCCCC)OC(=O)[C@H](CC(C)C)NC=O	HIPS/molecule-autoencoder all_drugs.smi
Orphenadrine	Cc1ccccc1C(OCCN(C)C)c1ccccc1	HIPS/molecule-autoencoder all_drugs.smi
Oseltamivir	CCOC(=O)C1=C[C@@H](OC(CC)CC)[C@H](NC(C)=O)[C@@H](N)C1	HIPS/molecule-autoencoder all_drugs.smi
Ospemifene	OCCOc1ccc(/C(=C(/CCCl)c2ccccc2)c2ccccc2)cc1	HIPS/molecule-autoencoder all_drugs.smi
Oxacillin	Cc1onc(-c2ccccc2)c1C(=O)N[C@@H]1C(=O)N2[C@@H]1SC(C)(C)[C@@H]2C(=O)O	HIPS/molecule-autoencoder all_drugs.smi
Oxaliplatin	O=C1[O][Pt]2([NH][C@@H]3CCCC[C@H]3[NH]2)[O]C1=O	HIPS/molecule-autoencoder all_drugs.smi
Oxamniquine	CC(C)NCC1CCc2cc(CO)c([N+](=O)[O-])cc2N1	HIPS/molecule-autoencoder all_drugs.smi
Oxandrolone	C[C@]12COC(=O)C[C@@H]1CC[C@@H]1[C@@H]2CC[C@@]2(C)[C@H]1CC[C@]2(C)O	HIPS/molecule-autoencoder all_drugs.smi
Oxaprozin	O=C(O)CCc1nc(-c2ccccc2)c(-c2ccccc2)o1	HIPS/molecule-autoencoder all_drugs.smi
Oxazepam	O=C1Nc2ccc(Cl)cc2C(c2ccccc2)=NC1O	HIPS/molecule-autoencoder all_drugs.smi
Oxcarbazepine	NC(=O)N1c2ccccc2CC(=O)c2ccccc21	HIPS/molecule-autoencoder all_drugs.smi
Oxiconazole	Clc1ccc(CO/N=C(/Cn2ccnc2)c2ccc(Cl)cc2Cl)c(Cl)c1	HIPS/molecule-autoencoder all_drugs.smi
Oxitriptan	N[C@@H](Cc1c[nH]c2ccc(O)cc12)C(=O)O	HIPS/molecule-autoencoder all_drugs.smi
Oxprenolol	C=CCOc1ccccc1OCC(O)CNC(C)C	HIPS/molecule-autoencoder all_drugs.smi
Oxybenzone	COc1ccc(C(=O)c2ccccc2)c(O)c1	HIPS/molecule-autoencoder all_drugs.smi
Oxybuprocaine	CCCCOc1cc(C(=O)OCCN(CC)CC)ccc1N	HIPS/molecule-autoencoder all_drugs.smi
Oxybutynin	CCN(CC)CC#CCOC(=O)C(O)(c1ccccc1)C1CCCCC1	HIPS/molecule-autoencoder all_drugs.smi
Oxycodone	COc1ccc2c3c1O[C@H]1C(=O)CC[C@@]4(O)[C@@H](C2)N(C)CC[C@]314	HIPS/molecule-autoencoder all_drugs.smi
Oxymetazoline	Cc1cc(C(C)(C)C)c(O)c(C)c1CC1=NCCN1	HIPS/molecule-autoencoder all_drugs.smi
Oxymorphone	CN1CC[C@]23c4c5ccc(O)c4O[C@H]2C(=O)CC[C@@]3(O)[C@H]1C5	HIPS/molecule-autoencoder all_drugs.smi
Oxyphencyclimine	CN1CCCN=C1COC(=O)C(O)(c1ccccc1)C1CCCCC1	HIPS/molecule-autoencoder all_drugs.smi
Paliperidone	Cc1nc2n(c(=O)c1CCN1CCC(c3noc4cc(F)ccc34)CC1)CCCC2O	HIPS/molecule-autoencoder all_drugs.smi
Palonosetron	O=C1c2cccc3c2[C@@H](CCC3)CN1[C@@H]1CN2CCC1CC2	HIPS/molecule-autoencoder all_drugs.smi
Pamidronate	NCCC(O)(P(=O)(O)O)P(=O)(O)O	HIPS/molecule-autoencoder all_drugs.smi
Pantoprazole	COc1ccnc(CS(=O)c2nc3ccc(OC(F)F)cc3[nH]2)c1OC	HIPS/molecule-autoencoder all_drugs.smi
Papaverine	COc1ccc(Cc2nccc3cc(OC)c(OC)cc23)cc1OC	HIPS/molecule-autoencoder all_drugs.smi
Paramethadione	CCC1(C)OC(=O)N(C)C1=O	HIPS/molecule-autoencoder all_drugs.smi
Pargyline	C#CCN(C)Cc1ccccc1	HIPS/molecule-autoencoder all_drugs.smi
Paroxetine	Fc1ccc([C@@H]2CCNC[C@H]2COc2ccc3c(c2)OCO3)cc1	HIPS/molecule-autoencoder all_drugs.smi
Pazopanib	Cc1ccc(Nc2nccc(N(C)c3ccc4c(C)n(C)nc4c3)n2)cc1S(N)(=O)=O	HIPS/molecule-autoencoder all_drugs.smi
Pefloxacin	CCn1cc(C(=O)O)c(=O)c2cc(F)c(N3CCN(C)CC3)cc21	HIPS/molecule-autoencoder all_drugs.smi
Pemetrexed	Nc1nc(=O)c2c(CCc3ccc(C(=O)N[C@H](CCC(=O)O)C(=O)O)cc3)c[nH]c2[nH]1	HIPS/molecule-autoencoder all_drugs.smi
Pemirolast	Cc1cccn2c(=O)c(-c3nn[nH]n3)cnc12	HIPS/molecule-autoencoder all_drugs.smi
Penbutolol	CC(C)(C)NC[C@H](O)COc1ccccc1C1CCCC1	HIPS/molecule-autoencoder all_drugs.smi
Penciclovir	Nc1nc(=O)c2ncn(CCC(CO)CO)c2[nH]1	HIPS/molecule-autoencoder all_drugs.smi
Penicillamine	CC(C)(S)C(N)C(=O)O	HIPS/molecule-autoencoder all_drugs.smi
Penicillin	CC1(C)S[C@@H]2[C@H](NC(=O)Cc3ccccc3)C(=O)N2[C@H]1C(=O)O	HIPS/molecule-autoencoder all_drugs.smi
Penicillin	CC1(C)S[C@@H]2[C@H](NC(=O)COc3ccccc3)C(=O)N2[C@H]1C(=O)O	HIPS/molecule-autoencoder all_drugs.smi
Pentamidine	N=C(N)c1ccc(OCCCCCOc2ccc(C(=N)N)cc2)cc1	HIPS/molecule-autoencoder all_drugs.smi
Pentazocine	CC(C)=CCN1CC[C@@]2(C)c3cc(O)ccc3C[C@@H]1[C@@H]2C	HIPS/molecule-autoencoder all_drugs.smi
Pentobarbital	CCCC(C)C1(CC)C(=O)NC(=O)NC1=O	HIPS/molecule-autoencoder all_drugs.smi
Pentostatin	OC[C@H]1O[C@@H](n2cnc3c2N=CNC[C@H]3O)C[C@@H]1O	HIPS/molecule-autoencoder all_drugs.smi
Pentoxifylline	CC(=O)CCCCn1c(=O)c2c(ncn2C)n(C)c1=O	HIPS/molecule-autoencoder all_drugs.smi
Perflutren	FC(F)(F)C(F)(F)C(F)(F)F	HIPS/molecule-autoencoder all_drugs.smi
Pergolide	CCCN1C[C@H](CSC)C[C@@H]2c3cccc4[nH]cc(c34)C[C@H]21	HIPS/molecule-autoencoder all_drugs.smi
Perhexiline	C1CCC(C(CC2CCCCN2)C2CCCCC2)CC1	HIPS/molecule-autoencoder all_drugs.smi
Perindopril	CCC[C@H](N[C@@H](C)C(=O)N1[C@H](C(=O)O)C[C@@H]2CCCC[C@@H]21)C(=O)OCC	HIPS/molecule-autoencoder all_drugs.smi
Permethrin	CC1(C)C(C=C(Cl)Cl)C1C(=O)OCc1cccc(Oc2ccccc2)c1	HIPS/molecule-autoencoder all_drugs.smi
Perphenazine	OCCN1CCN(CCCN2c3ccccc3Sc3ccc(Cl)cc32)CC1	HIPS/molecule-autoencoder all_drugs.smi
Phenacemide	NC(=O)NC(=O)Cc1ccccc1	HIPS/molecule-autoencoder all_drugs.smi
Phenazopyridine	Nc1ccc(/N=N/c2ccccc2)c(N)n1	HIPS/molecule-autoencoder all_drugs.smi
Phendimetrazine	CC1C(c2ccccc2)OCCN1C	HIPS/molecule-autoencoder all_drugs.smi
Phenelzine	NNCCc1ccccc1	HIPS/molecule-autoencoder all_drugs.smi
Phenformin	N=C(N)NC(=N)NCCc1ccccc1	HIPS/molecule-autoencoder all_drugs.smi
Phenindamine	CN1CCC2=C(C1)C(c1ccccc1)c1ccccc12	HIPS/molecule-autoencoder all_drugs.smi
Phenindione	O=C1c2ccccc2C(=O)C1c1ccccc1	HIPS/molecule-autoencoder all_drugs.smi
Pheniramine	CN(C)CCC(c1ccccc1)c1ccccn1	HIPS/molecule-autoencoder all_drugs.smi
Phenmetrazine	CC1NCCOC1c1ccccc1	HIPS/molecule-autoencoder all_drugs.smi
Phenobarbital	CCC1(c2ccccc2)C(=O)NC(=O)NC1=O	HIPS/molecule-autoencoder all_drugs.smi
Phenoxybenzamine	CC(COc1ccccc1)N(CCCl)Cc1ccccc1	HIPS/molecule-autoencoder all_drugs.smi
Phenprocoumon	CCC(c1ccccc1)c1c(O)c2ccccc2oc1=O	HIPS/molecule-autoencoder all_drugs.smi
Phensuximide	CN1C(=O)CC(c2ccccc2)C1=O	HIPS/molecule-autoencoder all_drugs.smi
Phentermine	CC(C)(N)Cc1ccccc1	HIPS/molecule-autoencoder all_drugs.smi
Phentolamine	Cc1ccc(N(CC2=NCCN2)c2cccc(O)c2)cc1	HIPS/molecule-autoencoder all_drugs.smi
Phenylbutazone	CCCCC1C(=O)N(c2ccccc2)N(c2ccccc2)C1=O	HIPS/molecule-autoencoder all_drugs.smi
Phenylephrine	CNC[C@H](O)c1cccc(O)c1	HIPS/molecule-autoencoder all_drugs.smi
Phenylpropanolamine	C[C@@H](N)[C@@H](O)c1ccccc1	HIPS/molecule-autoencoder all_drugs.smi
Phenytoin	O=C1NC(=O)C(c2ccccc2)(c2ccccc2)N1	HIPS/molecule-autoencoder all_drugs.smi
Phosphatidylserine	CCCC(=O)O[C@H](COC(=O)CC)COP(=O)(O)OC[C@H](N)C(=O)O	HIPS/molecule-autoencoder all_drugs.smi
Physostigmine	CNC(=O)Oc1ccc2c(c1)[C@]1(C)CCN(C)[C@@H]1N2C	HIPS/molecule-autoencoder all_drugs.smi
Phytonadione	CC1=C(C/C=C(\C)CCC[C@H](C)CCC[C@H](C)CCCC(C)C)C(=O)c2ccccc2C1=O	HIPS/molecule-autoencoder all_drugs.smi
Picrotoxin	CC(C)(O)[C@@H]1C2OC(=O)C1[C@]1(O)C[C@H]3O[C@]34C(=O)O[C@H]2[C@]14C	HIPS/molecule-autoencoder all_drugs.smi
Pilocarpine	CC[C@@H]1C(=O)OC[C@@H]1Cc1cncn1C	HIPS/molecule-autoencoder all_drugs.smi
Pimozide	O=c1[nH]c2ccccc2n1C1CCN(CCCC(c2ccc(F)cc2)c2ccc(F)cc2)CC1	HIPS/molecule-autoencoder all_drugs.smi
Pindolol	CC(C)NCC(O)COc1cccc2[nH]ccc12	HIPS/molecule-autoencoder all_drugs.smi
Pioglitazone	CCc1ccc(CCOc2ccc(CC3SC(=O)NC3=O)cc2)nc1	HIPS/molecule-autoencoder all_drugs.smi
Pipazethate	O=C(OCCOCCN1CCCCC1)N1c2ccccc2Sc2cccnc21	HIPS/molecule-autoencoder all_drugs.smi
Pipobroman	O=C(CCBr)N1CCN(C(=O)CCBr)CC1	HIPS/molecule-autoencoder all_drugs.smi
Pipotiazine	CN(C)S(=O)(=O)c1ccc2c(c1)N(CCCN1CCC(CCO)CC1)c1ccccc1S2	HIPS/molecule-autoencoder all_drugs.smi
Pirbuterol	CC(C)(C)NCC(O)c1ccc(O)c(CO)n1	HIPS/molecule-autoencoder all_drugs.smi
Pirenzepine	CN1CCN(CC(=O)N2c3ccccc3C(=O)Nc3cccnc32)CC1	HIPS/molecule-autoencoder all_drugs.smi
Piroxicam	CN1C(C(=O)Nc2ccccn2)=C(O)c2ccccc2S1(=O)=O	HIPS/molecule-autoencoder all_drugs.smi
Pitavastatin	O=C(O)C[C@H](O)C[C@H](O)/C=C/c1c(C2CC2)nc2ccccc2c1-c1ccc(F)cc1	HIPS/molecule-autoencoder all_drugs.smi
Pivmecillinam	CC(C)(C)C(=O)OCOC(=O)[C@@H]1N2C(=O)[C@@H](N=CN3CCCCCC3)[C@H]2SC1(C)C	HIPS/molecule-autoencoder all_drugs.smi
Plerixafor	c1cc(CN2CCCNCCNCCCNCC2)ccc1CN1CCCNCCNCCCNCC1	HIPS/molecule-autoencoder all_drugs.smi
Podofilox	COc1cc([C@@H]2c3cc4c(cc3[C@H](O)[C@H]3COC(=O)[C@H]23)OCO4)cc(OC)c1OC	HIPS/molecule-autoencoder all_drugs.smi
Polidocanol	CCCCCCCCCCCCOCCO	HIPS/molecule-autoencoder all_drugs.smi
Polythiazide	CN1C(CSCC(F)(F)F)Nc2cc(Cl)c(S(N)(=O)=O)cc2S1(=O)=O	HIPS/molecule-autoencoder all_drugs.smi
Pomalidomide	Nc1cccc2c1C(=O)N(C1CCC(=O)NC1=O)C2=O	HIPS/molecule-autoencoder all_drugs.smi
Practolol	CC(=O)Nc1ccc(OCC(O)CNC(C)C)cc1	HIPS/molecule-autoencoder all_drugs.smi
Pralatrexate	C#CCC(Cc1cnc2nc(N)nc(N)c2n1)c1ccc(C(=O)N[C@@H](CCC(=O)O)C(=O)O)cc1	HIPS/molecule-autoencoder all_drugs.smi
Pramipexole	CCCN[C@H]1CCc2nc(N)sc2C1	HIPS/molecule-autoencoder all_drugs.smi
Pranlukast	O=C(Nc1ccc2c(=O)cc(-c3nn[nH]n3)oc2c1)c1ccc(OCCCCc2ccccc2)cc1	HIPS/molecule-autoencoder all_drugs.smi
Prasugrel	CC(=O)Oc1cc2c(s1)CCN(C(C(=O)C1CC1)c1ccccc1F)C2	HIPS/molecule-autoencoder all_drugs.smi
Prazepam	O=C1CN=C(c2ccccc2)c2cc(Cl)ccc2N1CC1CC1	HIPS/molecule-autoencoder all_drugs.smi
Praziquantel	O=C(C1CCCCC1)N1CC(=O)N2CCc3ccccc3C2C1	HIPS/molecule-autoencoder all_drugs.smi
Prazosin	COc1cc2nc(N3CCN(C(=O)c4ccco4)CC3)nc(N)c2cc1OC	HIPS/molecule-autoencoder all_drugs.smi
Prednicarbate	CCOC(=O)OC1(C(=O)COC(=O)CC)CCC2C3CCC4=CC(=O)C=CC4(C)C3C(O)CC21C	HIPS/molecule-autoencoder all_drugs.smi
Pregabalin	CC(C)C[C@H](CN)CC(=O)O	HIPS/molecule-autoencoder all_drugs.smi
Prilocaine	CCCNC(C)C(=O)Nc1ccccc1C	HIPS/molecule-autoencoder all_drugs.smi
Primaquine	COc1cc(NC(C)CCCN)c2ncccc2c1	HIPS/molecule-autoencoder all_drugs.smi
Primidone	CCC1(c2ccccc2)C(=O)NCNC1=O	HIPS/molecule-autoencoder all_drugs.smi
Probenecid	CCCN(CCC)S(=O)(=O)c1ccc(C(=O)O)cc1	HIPS/molecule-autoencoder all_drugs.smi
Probucol	CC(C)(Sc1cc(C(C)(C)C)c(O)c(C(C)(C)C)c1)Sc1cc(C(C)(C)C)c(O)c(C(C)(C)C)c1	HIPS/molecule-autoencoder all_drugs.smi
Procainamide	CCN(CC)CCNC(=O)c1ccc(N)cc1	HIPS/molecule-autoencoder all_drugs.smi
Procaine	CCN(CC)CCOC(=O)c1ccc(N)cc1	HIPS/molecule-autoencoder all_drugs.smi
Procarbazine	CNNCc1ccc(C(=O)NC(C)C)cc1	HIPS/molecule-autoencoder all_drugs.smi
Procaterol	CC[C@H](NC(C)C)[C@H](O)c1ccc(O)c2[nH]c(=O)ccc12	HIPS/molecule-autoencoder all_drugs.smi
Prochlorperazine	CN1CCN(CCCN2c3ccccc3Sc3ccc(Cl)cc32)CC1	HIPS/molecule-autoencoder all_drugs.smi
Procyclidine	OC(CCN1CCCC1)(c1ccccc1)C1CCCCC1	HIPS/molecule-autoencoder all_drugs.smi
Proflavine	Nc1ccc2cc3ccc(N)cc3nc2c1	HIPS/molecule-autoencoder all_drugs.smi
Progabide	NC(=O)CCCN/C(=C1\C=C(F)C=CC1=O)c1ccc(Cl)cc1	HIPS/molecule-autoencoder all_drugs.smi
Progesterone	CC(=O)[C@H]1CC[C@H]2[C@@H]3CCC4=CC(=O)CC[C@]4(C)[C@H]3CC[C@]12C	HIPS/molecule-autoencoder all_drugs.smi
Proguanil	CC(C)/N=C(\N)N=C(N)Nc1ccc(Cl)cc1	HIPS/molecule-autoencoder all_drugs.smi
Promazine	CN(C)CCCN1c2ccccc2Sc2ccccc21	HIPS/molecule-autoencoder all_drugs.smi
Promethazine	CC(CN1c2ccccc2Sc2ccccc21)N(C)C	HIPS/molecule-autoencoder all_drugs.smi
Propafenone	CCCNCC(O)COc1ccccc1C(=O)CCc1ccccc1	HIPS/molecule-autoencoder all_drugs.smi
Proparacaine	CCCOc1ccc(C(=O)OCCN(CC)CC)cc1N	HIPS/molecule-autoencoder all_drugs.smi
Propericiazine	N#Cc1ccc2c(c1)N(CCCN1CCC(O)CC1)c1ccccc1S2	HIPS/molecule-autoencoder all_drugs.smi
Propiomazine	CCC(=O)c1ccc2c(c1)N(CC(C)N(C)C)c1ccccc1S2	HIPS/molecule-autoencoder all_drugs.smi
Propofol	CC(C)c1cccc(C(C)C)c1O	HIPS/molecule-autoencoder all_drugs.smi
Propoxyphene	CCC(=O)OC(Cc1ccccc1)(c1ccccc1)[C@H](C)CN(C)C	HIPS/molecule-autoencoder all_drugs.smi
Propranolol	CC(C)NCC(O)COc1cccc2ccccc12	HIPS/molecule-autoencoder all_drugs.smi
Propylhexedrine	CNC(C)CC1CCCCC1	HIPS/molecule-autoencoder all_drugs.smi
Propylthiouracil	CCCc1cc(=O)[nH]c(=S)[nH]1	HIPS/molecule-autoencoder all_drugs.smi
Protriptyline	CNCCCC1c2ccccc2C=Cc2ccccc21	HIPS/molecule-autoencoder all_drugs.smi
Pseudoephedrine	CN[C@@H](C)[C@@H](O)c1ccccc1	HIPS/molecule-autoencoder all_drugs.smi
Pyrazinamide	NC(=O)c1cnccn1	HIPS/molecule-autoencoder all_drugs.smi
Pyridoxal	Cc1ncc(CO)c(C=O)c1O	HIPS/molecule-autoencoder all_drugs.smi
Pyridoxine	Cc1ncc(CO)c(CO)c1O	HIPS/molecule-autoencoder all_drugs.smi
Pyrimethamine	CCc1nc(N)nc(N)c1-c1ccc(Cl)cc1	HIPS/molecule-autoencoder all_drugs.smi
Quazepam	Fc1ccccc1C1=NCC(=S)N(CC(F)(F)F)c2ccc(Cl)cc21	HIPS/molecule-autoencoder all_drugs.smi
Quetiapine	OCCOCCN1CCN(C2=Nc3ccccc3Sc3ccccc32)CC1	HIPS/molecule-autoencoder all_drugs.smi
Quinacrine	CCN(CC)CCCC(C)Nc1c2ccc(Cl)cc2nc2ccc(OC)cc12	HIPS/molecule-autoencoder all_drugs.smi
Quinapril	CCOC(=O)[C@H](CCc1ccccc1)N[C@@H](C)C(=O)N1Cc2ccccc2C[C@H]1C(=O)O	HIPS/molecule-autoencoder all_drugs.smi
Quinestrol	C#C[C@]1(O)CC[C@H]2[C@@H]3CCc4cc(OC5CCCC5)ccc4[C@H]3CC[C@@]21C	HIPS/molecule-autoencoder all_drugs.smi
Quinethazone	CCC1NC(=O)c2cc(S(N)(=O)=O)c(Cl)cc2N1	HIPS/molecule-autoencoder all_drugs.smi
Quinidine	C=C[C@H]1CN2CC[C@H]1C[C@@H]2[C@@H](O)c1ccnc2ccc(OC)cc12	HIPS/molecule-autoencoder all_drugs.smi
Quinidine	C=CC1CN2CCC1CC2C(O)c1ccnc2ccc(OC)cc12	HIPS/molecule-autoencoder all_drugs.smi
Quinine	C=C[C@H]1CN2CC[C@H]1C[C@H]2[C@H](O)c1ccnc2ccc(OC)cc12	HIPS/molecule-autoencoder all_drugs.smi
Rabeprazole	COCCCOc1ccnc(CS(=O)c2nc3ccccc3[nH]2)c1C	HIPS/molecule-autoencoder all_drugs.smi
Raloxifene	O=C(c1ccc(OCCN2CCCCC2)cc1)c1c(-c2ccc(O)cc2)sc2cc(O)ccc12	HIPS/molecule-autoencoder all_drugs.smi
Raltitrexed	Cc1nc(=O)c2cc(CN(C)c3ccc(C(=O)N[C@@H](CCC(=O)O)C(=O)O)s3)ccc2[nH]1	HIPS/molecule-autoencoder all_drugs.smi
Ramelteon	CCC(=O)NCC[C@@H]1CCc2ccc3c(c21)CCO3	HIPS/molecule-autoencoder all_drugs.smi
Ranitidine	CN/C(=C\[N+](=O)[O-])NCCSCc1ccc(CN(C)C)o1	HIPS/molecule-autoencoder all_drugs.smi
Ranolazine	COc1ccccc1OCC(O)CN1CCN(CC(=O)Nc2c(C)cccc2C)CC1	HIPS/molecule-autoencoder all_drugs.smi
Rasagiline	C#CCN[C@@H]1CCc2ccccc21	HIPS/molecule-autoencoder all_drugs.smi
Reboxetine	CCOc1ccccc1O[C@@H](c1ccccc1)[C@@H]1CNCCO1	HIPS/molecule-autoencoder all_drugs.smi
Regadenoson	CNC(=O)c1cnn(-c2nc(N)c3ncn([C@@H]4O[C@H](CO)[C@@H](O)[C@H]4O)c3n2)c1	HIPS/molecule-autoencoder all_drugs.smi
Regorafenib	CNC(=O)c1cc(Oc2ccc(NC(=O)Nc3ccc(Cl)c(C(F)(F)F)c3)c(F)c2)ccn1	HIPS/molecule-autoencoder all_drugs.smi
Remifentanil	CCC(=O)N(c1ccccc1)C1(C(=O)OC)CCN(CCC(=O)OC)CC1	HIPS/molecule-autoencoder all_drugs.smi
Remoxipride	CCN1CCC[C@H]1CNC(=O)c1c(OC)ccc(Br)c1OC	HIPS/molecule-autoencoder all_drugs.smi
Repaglinide	CCOc1cc(CC(=O)N[C@@H](CC(C)C)c2ccccc2N2CCCCC2)ccc1C(=O)O	HIPS/molecule-autoencoder all_drugs.smi
Ribavirin	NC(=O)c1ncn([C@@H]2O[C@H](CO)[C@@H](O)[C@H]2O)n1	HIPS/molecule-autoencoder all_drugs.smi
Riboflavin	Cc1cc2nc3c(=O)[nH]c(=O)nc-3n(C[C@H](O)[C@H](O)[C@H](O)CO)c2cc1C	HIPS/molecule-autoencoder all_drugs.smi
Ridogrel	O=C(O)CCCCO/N=C(/c1cccnc1)c1cccc(C(F)(F)F)c1	HIPS/molecule-autoencoder all_drugs.smi
Rilpivirine	Cc1cc(/C=C/C#N)cc(C)c1Nc1ccnc(Nc2ccc(C#N)cc2)n1	HIPS/molecule-autoencoder all_drugs.smi
Riluzole	Nc1nc2ccc(OC(F)(F)F)cc2s1	HIPS/molecule-autoencoder all_drugs.smi
Rimantadine	CC(N)C12CC3CC(CC(C3)C1)C2	HIPS/molecule-autoencoder all_drugs.smi
Rimexolone	CCC(=O)[C@@]1(C)[C@H](C)CC2C3CCC4=CC(=O)C=C[C@]4(C)C3[C@@H](O)C[C@@]21C	HIPS/molecule-autoencoder all_drugs.smi
Rimonabant	Cc1c(C(=O)NN2CCCCC2)nn(-c2ccc(Cl)cc2Cl)c1-c1ccc(Cl)cc1	HIPS/molecule-autoencoder all_drugs.smi
Risedronate	O=P(O)(O)C(O)(Cc1cccnc1)P(=O)(O)O	HIPS/molecule-autoencoder all_drugs.smi
Risperidone	Cc1nc2n(c(=O)c1CCN1CCC(c3noc4cc(F)ccc34)CC1)CCCC2	HIPS/molecule-autoencoder all_drugs.smi
Ritodrine	C[C@H](NCCc1ccc(O)cc1)[C@H](O)c1ccc(O)cc1	HIPS/molecule-autoencoder all_drugs.smi
Rivaroxaban	O=C(NC[C@H]1CN(c2ccc(N3CCOCC3=O)cc2)C(=O)O1)c1ccc(Cl)s1	HIPS/molecule-autoencoder all_drugs.smi
Rivastigmine	CCN(C)C(=O)Oc1cccc([C@H](C)N(C)C)c1	HIPS/molecule-autoencoder all_drugs.smi
Rizatriptan	CN(C)CCc1c[nH]c2ccc(Cn3cncn3)cc12	HIPS/molecule-autoencoder all_drugs.smi
Roflumilast	O=C(Nc1c(Cl)cncc1Cl)c1ccc(OC(F)F)c(OCC2CC2)c1	HIPS/molecule-autoencoder all_drugs.smi
Ropinirole	CCCN(CCC)CCc1cccc2c1CC(=O)N2	HIPS/molecule-autoencoder all_drugs.smi
Ropivacaine	CCCN1CCCC[C@H]1C(=O)Nc1c(C)cccc1C	HIPS/molecule-autoencoder all_drugs.smi
Rosiglitazone	CN(CCOc1ccc(CC2SC(=O)NC2=O)cc1)c1ccccn1	HIPS/molecule-autoencoder all_drugs.smi
Rosoxacin	CCn1cc(C(=O)O)c(=O)c2ccc(-c3ccncc3)cc21	HIPS/molecule-autoencoder all_drugs.smi
Rotigotine	CCCN(CCc1cccs1)C1CCc2c(O)cccc2C1	HIPS/molecule-autoencoder all_drugs.smi
Roxatidine	CC(=O)OCC(=O)NCCCOc1cccc(CN2CCCCC2)c1	HIPS/molecule-autoencoder all_drugs.smi
Rufinamide	NC(=O)c1cn(Cc2c(F)cccc2F)nn1	HIPS/molecule-autoencoder all_drugs.smi
Ruxolitinib	N#CC[C@H](C1CCCC1)n1cc(-c2ncnc3[nH]ccc23)cn1	HIPS/molecule-autoencoder all_drugs.smi
Salbutamol	CC(C)(C)NCC(O)c1ccc(O)c(CO)c1	HIPS/molecule-autoencoder all_drugs.smi
Salicyclic	O=C(O)c1ccccc1O	HIPS/molecule-autoencoder all_drugs.smi
Salicylamide	NC(=O)c1ccccc1O	HIPS/molecule-autoencoder all_drugs.smi
Salmeterol	OCc1cc(C(O)CNCCCCCCOCCCCc2ccccc2)ccc1O	HIPS/molecule-autoencoder all_drugs.smi
Salsalate	O=C(Oc1ccccc1C(=O)O)c1ccccc1O	HIPS/molecule-autoencoder all_drugs.smi
Saxagliptin	N#C[C@@H]1C[C@@H]2C[C@@H]2N1C(=O)[C@@H](N)C12CC3CC(CC(O)(C3)C1)C2	HIPS/molecule-autoencoder all_drugs.smi
Scopolamine	CN1[C@@H]2C[C@@H](OC(=O)[C@H](CO)c3ccccc3)C[C@H]1[C@@H]1O[C@@H]12	HIPS/molecule-autoencoder all_drugs.smi
Secobarbital	C=CCC1(C(C)CCC)C(=O)NC(=O)NC1=O	HIPS/molecule-autoencoder all_drugs.smi
Selegiline	C#CCN(C)C(C)Cc1ccccc1	HIPS/molecule-autoencoder all_drugs.smi
Sertaconazole	Clc1ccc(C(Cn2ccnc2)OCc2csc3c(Cl)cccc23)c(Cl)c1	HIPS/molecule-autoencoder all_drugs.smi
Sertindole	O=C1NCCN1CCN1CCC(c2cn(-c3ccc(F)cc3)c3ccc(Cl)cc23)CC1	HIPS/molecule-autoencoder all_drugs.smi
Sertraline	CN[C@H]1CC[C@@H](c2ccc(Cl)c(Cl)c2)c2ccccc21	HIPS/molecule-autoencoder all_drugs.smi
Sevoflurane	FCOC(C(F)(F)F)C(F)(F)F	HIPS/molecule-autoencoder all_drugs.smi
Sibutramine	CC(C)CC(N(C)C)C1(c2ccc(Cl)cc2)CCC1	HIPS/molecule-autoencoder all_drugs.smi
Sildenafil	CCCc1nn(C)c2c(=O)nc(-c3cc(S(=O)(=O)N4CCN(C)CC4)ccc3OCC)[nH]c12	HIPS/molecule-autoencoder all_drugs.smi
Silodosin	C[C@H](Cc1cc2c(c(C(N)=O)c1)N(CCCO)CC2)NCCOc1ccccc1OCC(F)(F)F	HIPS/molecule-autoencoder all_drugs.smi
Sitagliptin	N[C@@H](CC(=O)N1CCn2c(nnc2C(F)(F)F)C1)Cc1cc(F)c(F)cc1F	HIPS/molecule-autoencoder all_drugs.smi
Sitaxentan	Cc1cc2c(cc1CC(=O)c1sccc1S(=O)(=O)Nc1onc(C)c1Cl)OCO2	HIPS/molecule-autoencoder all_drugs.smi
Sodium	CCCCCCCCCCCCCCOS(=O)(=O)O	HIPS/molecule-autoencoder all_drugs.smi
Solifenacin	O=C(O[C@H]1CN2CCC1CC2)N1CCc2ccccc2[C@@H]1c1ccccc1	HIPS/molecule-autoencoder all_drugs.smi
Sorafenib	CNC(=O)c1cc(Oc2ccc(NC(=O)Nc3ccc(Cl)c(C(F)(F)F)c3)cc2)ccn1	HIPS/molecule-autoencoder all_drugs.smi
Sotalol	CC(C)NCC(O)c1ccc(NS(C)(=O)=O)cc1	HIPS/molecule-autoencoder all_drugs.smi
Spaglumic	CC(=O)N[C@@H](CC(=O)N[C@H](CCC(=O)O)C(=O)O)C(=O)O	HIPS/molecule-autoencoder all_drugs.smi
Sparfloxacin	C[C@@H]1CN(c2c(F)c(N)c3c(=O)c(C(=O)O)cn(C4CC4)c3c2F)C[C@H](C)N1	HIPS/molecule-autoencoder all_drugs.smi
Spermine	NCCCNCCCCNCCCN	HIPS/molecule-autoencoder all_drugs.smi
Spirapril	CCOC(=O)[C@H](CCc1ccccc1)N[C@@H](C)C(=O)N1CC2(C[C@H]1C(=O)O)SCCS2	HIPS/molecule-autoencoder all_drugs.smi
Stanozolol	CC12Cc3c[nH]nc3CC1CCC1C2CCC2(C)C1CCC2(C)O	HIPS/molecule-autoencoder all_drugs.smi
Stavudine	Cc1cn([C@H]2C=C[C@@H](CO)O2)c(=O)[nH]c1=O	HIPS/molecule-autoencoder all_drugs.smi
Stepronin	CC(SC(=O)c1cccs1)C(=O)NCC(=O)O	HIPS/molecule-autoencoder all_drugs.smi
Streptozocin	CN(N=O)C(=O)N[C@@H]1[C@@H](O)[C@H](O)[C@@H](CO)O[C@@H]1O	HIPS/molecule-autoencoder all_drugs.smi
Succimer	O=C(O)C(S)C(S)C(=O)O	HIPS/molecule-autoencoder all_drugs.smi
Sufentanil	CCC(=O)N(c1ccccc1)C1(COC)CCN(CCc2cccs2)CC1	HIPS/molecule-autoencoder all_drugs.smi
Sulfacetamide	CC(=O)NS(=O)(=O)c1ccc(N)cc1	HIPS/molecule-autoencoder all_drugs.smi
Sulfacytine	CCn1ccc(NS(=O)(=O)c2ccc(N)cc2)nc1=O	HIPS/molecule-autoencoder all_drugs.smi
Sulfadiazine	Nc1ccc(S(=O)(=O)Nc2ncccn2)cc1	HIPS/molecule-autoencoder all_drugs.smi
Sulfadimethoxine	COc1cc(NS(=O)(=O)c2ccc(N)cc2)nc(OC)n1	HIPS/molecule-autoencoder all_drugs.smi
Sulfadoxine	COc1ncnc(NS(=O)(=O)c2ccc(N)cc2)c1OC	HIPS/molecule-autoencoder all_drugs.smi
Sulfamerazine	Cc1ccnc(NS(=O)(=O)c2ccc(N)cc2)n1	HIPS/molecule-autoencoder all_drugs.smi
Sulfamethazine	Cc1cc(C)nc(NS(=O)(=O)c2ccc(N)cc2)n1	HIPS/molecule-autoencoder all_drugs.smi
Sulfamethizole	Cc1nnc(NS(=O)(=O)c2ccc(N)cc2)s1	HIPS/molecule-autoencoder all_drugs.smi
Sulfamethoxazole	Cc1cc(NS(=O)(=O)c2ccc(N)cc2)no1	HIPS/molecule-autoencoder all_drugs.smi
Sulfametopyrazine	COc1nccnc1NS(=O)(=O)c1ccc(N)cc1	HIPS/molecule-autoencoder all_drugs.smi
Sulfamoxole	Cc1nc(NS(=O)(=O)c2ccc(N)cc2)oc1C	HIPS/molecule-autoencoder all_drugs.smi
Sulfanilamide	Nc1ccc(S(N)(=O)=O)cc1	HIPS/molecule-autoencoder all_drugs.smi
Sulfaphenazole	Nc1ccc(S(=O)(=O)Nc2ccnn2-c2ccccc2)cc1	HIPS/molecule-autoencoder all_drugs.smi
Sulfapyridine	Nc1ccc(S(=O)(=O)Nc2ccccn2)cc1	HIPS/molecule-autoencoder all_drugs.smi
Sulfasalazine	O=C(O)c1cc(/N=N/c2ccc(S(=O)(=O)Nc3ccccn3)cc2)ccc1O	HIPS/molecule-autoencoder all_drugs.smi
Sulfathiazole	Nc1ccc(S(=O)(=O)Nc2nccs2)cc1	HIPS/molecule-autoencoder all_drugs.smi
Sulfinpyrazone	O=C1C(CCS(=O)c2ccccc2)C(=O)N(c2ccccc2)N1c1ccccc1	HIPS/molecule-autoencoder all_drugs.smi
Sulfisoxazole	Cc1noc(NS(=O)(=O)c2ccc(N)cc2)c1C	HIPS/molecule-autoencoder all_drugs.smi
Sulfoxone	O=S(O)CNc1ccc(S(=O)(=O)c2ccc(NCS(=O)O)cc2)cc1	HIPS/molecule-autoencoder all_drugs.smi
Sulindac	CC1=C(CC(=O)O)c2cc(F)ccc2/C1=C\c1ccc(S(C)=O)cc1	HIPS/molecule-autoencoder all_drugs.smi
Sulpiride	CCN1CCCC1CNC(=O)c1cc(S(N)(=O)=O)ccc1OC	HIPS/molecule-autoencoder all_drugs.smi
Sumatriptan	CNS(=O)(=O)Cc1ccc2[nH]cc(CCN(C)C)c2c1	HIPS/molecule-autoencoder all_drugs.smi
Sunitinib	CCN(CC)CCNC(=O)c1c(C)[nH]c(/C=C2\C(=O)Nc3ccc(F)cc32)c1C	HIPS/molecule-autoencoder all_drugs.smi
Suprofen	CC(C(=O)O)c1ccc(C(=O)c2cccs2)cc1	HIPS/molecule-autoencoder all_drugs.smi
Tacrine	Nc1c2c(nc3ccccc13)CCCC2	HIPS/molecule-autoencoder all_drugs.smi
Tadalafil	CN1CC(=O)N2[C@H](c3ccc4c(c3)OCO4)c3[nH]c4ccccc4c3C[C@@H]2C1=O	HIPS/molecule-autoencoder all_drugs.smi
Talbutal	C=CCC1(C(C)CC)C(=O)NC(=O)NC1=O	HIPS/molecule-autoencoder all_drugs.smi
Tamibarotene	CC1(C)CCC(C)(C)c2cc(NC(=O)c3ccc(C(=O)O)cc3)ccc21	HIPS/molecule-autoencoder all_drugs.smi
Tamoxifen	CC/C(=C(\c1ccccc1)c1ccc(OCCN(C)C)cc1)c1ccccc1	HIPS/molecule-autoencoder all_drugs.smi
Tamsulosin	CCOc1ccccc1OCCN[C@H](C)Cc1ccc(OC)c(S(N)(=O)=O)c1	HIPS/molecule-autoencoder all_drugs.smi
Tapentadol	CC[C@@H](c1cccc(O)c1)[C@@H](C)CN(C)C	HIPS/molecule-autoencoder all_drugs.smi
Tasosartan	Cc1nc(C)c2c(n1)N(Cc1ccc(-c3ccccc3-c3nn[nH]n3)cc1)C(=O)CC2	HIPS/molecule-autoencoder all_drugs.smi
Tazarotene	CCOC(=O)c1ccc(C#Cc2ccc3c(c2)C(C)(C)CCS3)nc1	HIPS/molecule-autoencoder all_drugs.smi
Tazobactam	C[C@]1(Cn2ccnn2)[C@H](C(=O)O)N2C(=O)C[C@H]2S1(=O)=O	HIPS/molecule-autoencoder all_drugs.smi
Telbivudine	Cc1cn([C@@H]2C[C@@H](O)[C@H](CO)O2)c(=O)[nH]c1=O	HIPS/molecule-autoencoder all_drugs.smi
Temazepam	CN1C(=O)C(O)N=C(c2ccccc2)c2cc(Cl)ccc21	HIPS/molecule-autoencoder all_drugs.smi
Temozolomide	Cn1nnc2c(C(N)=O)ncn2c1=O	HIPS/molecule-autoencoder all_drugs.smi
Tenofovir	C[C@H](Cn1cnc2c(N)ncnc21)OCP(=O)(O)O	HIPS/molecule-autoencoder all_drugs.smi
Tenoxicam	CN1/C(=C(\O)Nc2ccccn2)C(=O)c2sccc2S1(=O)=O	HIPS/molecule-autoencoder all_drugs.smi
Terazosin	COc1cc2nc(N3CCN(C(=O)C4CCCO4)CC3)nc(N)c2cc1OC	HIPS/molecule-autoencoder all_drugs.smi
Terbinafine	CN(C/C=C/C#CC(C)(C)C)Cc1cccc2ccccc12	HIPS/molecule-autoencoder all_drugs.smi
Terbutaline	CC(C)(C)NCC(O)c1cc(O)cc(O)c1	HIPS/molecule-autoencoder all_drugs.smi
Terconazole	CC(C)N1CCN(c2ccc(OC[C@H]3CO[C@](Cn4cncn4)(c4ccc(Cl)cc4Cl)O3)cc2)CC1	HIPS/molecule-autoencoder all_drugs.smi
Terfenadine	CC(C)(C)c1ccc(C(O)CCCN2CCC(C(O)(c3ccccc3)c3ccccc3)CC2)cc1	HIPS/molecule-autoencoder all_drugs.smi
Testolactone	C[C@]12C=CC(=O)C=C1CC[C@@H]1[C@@H]2CC[C@]2(C)OC(=O)CC[C@@H]12	HIPS/molecule-autoencoder all_drugs.smi
Testosterone	C[C@]12CC[C@H]3[C@@H](CCC4=CC(=O)CC[C@@]43C)[C@@H]1CC[C@@H]2O	HIPS/molecule-autoencoder all_drugs.smi
Testosterone	CCC(=O)O[C@H]1CC[C@H]2[C@@H]3CCC4=CC(=O)CC[C@]4(C)[C@H]3CC[C@]12C	HIPS/molecule-autoencoder all_drugs.smi
Tetrabenazine	COc1cc2c(cc1OC)C1CC(=O)C(CC(C)C)CN1CC2	HIPS/molecule-autoencoder all_drugs.smi
Tetrahydrobiopterin	CC(O)C(O)C1CNc2[nH]c(N)nc(=O)c2N1	HIPS/molecule-autoencoder all_drugs.smi
Tetrahydrofolic	Nc1nc(=O)c2c([nH]1)NCC(CNc1ccc(C(=O)N[C@@H](CCC(=O)O)C(=O)O)cc1)N2	HIPS/molecule-autoencoder all_drugs.smi
Thalidomide	O=C1CCC(N2C(=O)c3ccccc3C2=O)C(=O)N1	HIPS/molecule-autoencoder all_drugs.smi
Theobromine	Cn1cnc2c1c(=O)[nH]c(=O)n2C	HIPS/molecule-autoencoder all_drugs.smi
Thiabendazole	c1ccc2[nH]c(-c3cscn3)nc2c1	HIPS/molecule-autoencoder all_drugs.smi
Thiamylal	C=CCC1(C(C)CCC)C(=O)NC(=S)NC1=O	HIPS/molecule-autoencoder all_drugs.smi
Thiethylperazine	CCSc1ccc2c(c1)N(CCCN1CCN(C)CC1)c1ccccc1S2	HIPS/molecule-autoencoder all_drugs.smi
Thioguanine	Nc1nc(=S)c2[nH]cnc2[nH]1	HIPS/molecule-autoencoder all_drugs.smi
Thiopental	CCCC(C)C1(CC)C(=O)NC(=S)NC1=O	HIPS/molecule-autoencoder all_drugs.smi
Thioproperazine	CN1CCN(CCCN2c3ccccc3Sc3ccc(S(=O)(=O)N(C)C)cc32)CC1	HIPS/molecule-autoencoder all_drugs.smi
Thioridazine	CSc1ccc2c(c1)N(CCC1CCCCN1C)c1ccccc1S2	HIPS/molecule-autoencoder all_drugs.smi
Thiotepa	S=P(N1CC1)(N1CC1)N1CC1	HIPS/molecule-autoencoder all_drugs.smi
Thiothixene	CN1CCN(CC/C=C2/c3ccccc3Sc3ccc(S(=O)(=O)N(C)C)cc32)CC1	HIPS/molecule-autoencoder all_drugs.smi
Tiagabine	Cc1ccsc1C(=CCCN1CCC[C@@H](C(=O)O)C1)c1sccc1C	HIPS/molecule-autoencoder all_drugs.smi
Tiaprofenic	CC(C(=O)O)c1ccc(C(=O)c2ccccc2)s1	HIPS/molecule-autoencoder all_drugs.smi
Ticarcillin	CC1(C)S[C@@H]2[C@H](NC(=O)[C@H](C(=O)O)c3ccsc3)C(=O)N2[C@H]1C(=O)O	HIPS/molecule-autoencoder all_drugs.smi
Ticlopidine	Clc1ccccc1CN1CCc2sccc2C1	HIPS/molecule-autoencoder all_drugs.smi
Tiludronate	O=P(O)(O)C(Sc1ccc(Cl)cc1)P(=O)(O)O	HIPS/molecule-autoencoder all_drugs.smi
Timolol	CC(C)(C)NCC(O)COc1nsnc1N1CCOCC1	HIPS/molecule-autoencoder all_drugs.smi
Tinidazole	CCS(=O)(=O)CCn1c([N+](=O)[O-])cnc1C	HIPS/molecule-autoencoder all_drugs.smi
Tioconazole	Clc1ccc(C(Cn2ccnc2)OCc2ccsc2Cl)c(Cl)c1	HIPS/molecule-autoencoder all_drugs.smi
Tirofiban	CCCCS(=O)(=O)N[C@@H](Cc1ccc(OCCCCC2CCNCC2)cc1)C(=O)O	HIPS/molecule-autoencoder all_drugs.smi
Tizanidine	Clc1ccc2nsnc2c1NC1=NCCN1	HIPS/molecule-autoencoder all_drugs.smi
Tocainide	Cc1cccc(C)c1NC(=O)C(C)N	HIPS/molecule-autoencoder all_drugs.smi
Tofisopam	CCC1C(C)=NN=C(c2ccc(OC)c(OC)c2)c2cc(OC)c(OC)cc21	HIPS/molecule-autoencoder all_drugs.smi
Tolazamide	Cc1ccc(S(=O)(=O)NC(=O)NN2CCCCCC2)cc1	HIPS/molecule-autoencoder all_drugs.smi
Tolazoline	c1ccc(CC2=NCCN2)cc1	HIPS/molecule-autoencoder all_drugs.smi
Tolbutamide	CCCCNC(=O)NS(=O)(=O)c1ccc(C)cc1	HIPS/molecule-autoencoder all_drugs.smi
Tolcapone	Cc1ccc(C(=O)c2cc(O)c(O)c([N+](=O)[O-])c2)cc1	HIPS/molecule-autoencoder all_drugs.smi
Tolmetin	Cc1ccc(C(=O)c2ccc(CC(=O)O)n2C)cc1	HIPS/molecule-autoencoder all_drugs.smi
Tolnaftate	Cc1cccc(N(C)C(=S)Oc2ccc3ccccc3c2)c1	HIPS/molecule-autoencoder all_drugs.smi
Tolterodine	Cc1ccc(O)c([C@H](CCN(C(C)C)C(C)C)c2ccccc2)c1	HIPS/molecule-autoencoder all_drugs.smi
Tolvaptan	Cc1ccccc1C(=O)Nc1ccc(C(=O)N2CCC[C@@H](O)c3cc(Cl)ccc32)c(C)c1	HIPS/molecule-autoencoder all_drugs.smi
Topiramate	CC1(C)O[C@@H]2[C@@H](CO[C@@]3(COS(N)(=O)=O)OC(C)(C)O[C@@H]23)O1	HIPS/molecule-autoencoder all_drugs.smi
Topotecan	CC[C@@]1(O)C(=O)OCc2c1cc1n(c2=O)Cc2cc3c(CN(C)C)c(O)ccc3nc2-1	HIPS/molecule-autoencoder all_drugs.smi
Torasemide	Cc1cccc(Nc2ccncc2S(=O)(=O)NC(=O)NC(C)C)c1	HIPS/molecule-autoencoder all_drugs.smi
Toremifene	CN(C)CCOc1ccc(/C(=C(/CCCl)c2ccccc2)c2ccccc2)cc1	HIPS/molecule-autoencoder all_drugs.smi
Tramadol	COc1cccc([C@@]2(O)CCCC[C@@H]2CN(C)C)c1	HIPS/molecule-autoencoder all_drugs.smi
Tranexamic	NC[C@H]1CC[C@H](C(=O)O)CC1	HIPS/molecule-autoencoder all_drugs.smi
Tranylcypromine	N[C@@H]1CC1c1ccccc1	HIPS/molecule-autoencoder all_drugs.smi
Trazodone	O=c1n(CCCN2CCN(c3cccc(Cl)c3)CC2)nc2ccccn12	HIPS/molecule-autoencoder all_drugs.smi
Treprostinil	CCCCC[C@H](O)CC[C@@H]1[C@H]2Cc3cccc(OCC(=O)O)c3C[C@H]2C[C@H]1O	HIPS/molecule-autoencoder all_drugs.smi
Tretinoin	CC(C=CC1=C(C)CCCC1(C)C)=CC=CC(C)=CC(=O)O	HIPS/molecule-autoencoder all_drugs.smi
Triamterene	Nc1nc(N)c2nc(-c3ccccc3)c(N)nc2n1	HIPS/molecule-autoencoder all_drugs.smi
Triazolam	Cc1nnc2n1-c1ccc(Cl)cc1C(c1ccccc1Cl)=NC2	HIPS/molecule-autoencoder all_drugs.smi
Trichlormethiazide	NS(=O)(=O)c1cc2c(cc1Cl)NC(C(Cl)Cl)NS2(=O)=O	HIPS/molecule-autoencoder all_drugs.smi
Trifluoperazine	CN1CCN(CCCN2c3ccccc3Sc3ccc(C(F)(F)F)cc32)CC1	HIPS/molecule-autoencoder all_drugs.smi
Triflupromazine	CN(C)CCCN1c2ccccc2Sc2ccc(C(F)(F)F)cc21	HIPS/molecule-autoencoder all_drugs.smi
Trifluridine	O=c1[nH]c(=O)n([C@H]2C[C@H](O)[C@@H](CO)O2)cc1C(F)(F)F	HIPS/molecule-autoencoder all_drugs.smi
Trihexyphenidyl	OC(CCN1CCCCC1)(c1ccccc1)C1CCCCC1	HIPS/molecule-autoencoder all_drugs.smi
Trimeprazine	CC(CN(C)C)CN1c2ccccc2Sc2ccccc21	HIPS/molecule-autoencoder all_drugs.smi
Trimethadione	CN1C(=O)OC(C)(C)C1=O	HIPS/molecule-autoencoder all_drugs.smi
Trimethobenzamide	COc1cc(C(=O)NCc2ccc(OCCN(C)C)cc2)cc(OC)c1OC	HIPS/molecule-autoencoder all_drugs.smi
Trimethoprim	COc1cc(Cc2cnc(N)nc2N)cc(OC)c1OC	HIPS/molecule-autoencoder all_drugs.smi
Trimetrexate	COc1cc(NCc2ccc3nc(N)nc(N)c3c2C)cc(OC)c1OC	HIPS/molecule-autoencoder all_drugs.smi
Trimipramine	CC(CN(C)C)CN1c2ccccc2CCc2ccccc21	HIPS/molecule-autoencoder all_drugs.smi
Trioxsalen	Cc1cc2cc3c(C)cc(=O)oc3c(C)c2o1	HIPS/molecule-autoencoder all_drugs.smi
Tripelennamine	CN(C)CCN(Cc1ccccc1)c1ccccn1	HIPS/molecule-autoencoder all_drugs.smi
Triprolidine	Cc1ccc(/C(=C\CN2CCCC2)c2ccccn2)cc1	HIPS/molecule-autoencoder all_drugs.smi
Tropicamide	CCN(Cc1ccncc1)C(=O)C(CO)c1ccccc1	HIPS/molecule-autoencoder all_drugs.smi
Trovafloxacin	NC1[C@H]2CN(c3nc4c(cc3F)c(=O)c(C(=O)O)cn4-c3ccc(F)cc3F)C[C@@H]12	HIPS/molecule-autoencoder all_drugs.smi
Tymazoline	Cc1ccc(C(C)C)c(OCC2=NCCN2)c1	HIPS/molecule-autoencoder all_drugs.smi
Udenafil	CCCOc1ccc(S(=O)(=O)NCCC2CCCN2C)cc1-c1nc(=O)c2c([nH]1)c(CCC)nn2C	HIPS/molecule-autoencoder all_drugs.smi
Uracil	O=c1[nH]cc(N(CCCl)CCCl)c(=O)[nH]1	HIPS/molecule-autoencoder all_drugs.smi
Valaciclovir	CC(C)[C@H](N)C(=O)OCCOCn1cnc2c(=O)nc(N)[nH]c21	HIPS/molecule-autoencoder all_drugs.smi
Valganciclovir	CC(C)[C@H](N)C(=O)OCC(CO)OCn1cnc2c(=O)nc(N)[nH]c21	HIPS/molecule-autoencoder all_drugs.smi
Valproic	CCCC(CCC)C(=O)O	HIPS/molecule-autoencoder all_drugs.smi
Valsartan	CCCCC(=O)N(Cc1ccc(-c2ccccc2-c2nn[nH]n2)cc1)[C@H](C(=O)O)C(C)C	HIPS/molecule-autoencoder all_drugs.smi
Vandetanib	COc1cc2c(Nc3ccc(Br)cc3F)ncnc2cc1OCC1CCN(C)CC1	HIPS/molecule-autoencoder all_drugs.smi
Vardenafil	CCCc1nc(C)c2c(=O)nc(-c3cc(S(=O)(=O)N4CCN(CC)CC4)ccc3OCC)[nH]n12	HIPS/molecule-autoencoder all_drugs.smi
Varenicline	c1cnc2cc3c(cc2n1)[C@@H]1CNC[C@H]3C1	HIPS/molecule-autoencoder all_drugs.smi
Vemurafenib	CCCS(=O)(=O)Nc1ccc(F)c(C(=O)c2c[nH]c3ncc(-c4ccc(Cl)cc4)cc23)c1F	HIPS/molecule-autoencoder all_drugs.smi
Venlafaxine	COc1ccc(C(CN(C)C)C2(O)CCCCC2)cc1	HIPS/molecule-autoencoder all_drugs.smi
Verapamil	COc1ccc(CCN(C)CCCC(C#N)(c2ccc(OC)c(OC)c2)C(C)C)cc1OC	HIPS/molecule-autoencoder all_drugs.smi
Vidarabine	Nc1ncnc2c1ncn2[C@@H]1O[C@H](CO)[C@@H](O)[C@@H]1O	HIPS/molecule-autoencoder all_drugs.smi
Vigabatrin	C=CC(N)CCC(=O)O	HIPS/molecule-autoencoder all_drugs.smi
Vilazodone	N#Cc1ccc2[nH]cc(CCCCN3CCN(c4ccc5oc(C(N)=O)cc5c4)CC3)c2c1	HIPS/molecule-autoencoder all_drugs.smi
Vildagliptin	N#C[C@@H]1CCCN1C(=O)CNC12CC3CC(CC(O)(C3)C1)C2	HIPS/molecule-autoencoder all_drugs.smi
Vismodegib	CS(=O)(=O)c1ccc(C(=O)Nc2ccc(Cl)c(-c3ccccn3)c2)c(Cl)c1	HIPS/molecule-autoencoder all_drugs.smi
Vitamin	CC(C=CC1=C(C)CCCC1(C)C)=CC=CC(C)=CCO	HIPS/molecule-autoencoder all_drugs.smi
Vitamin	O=C1O[C@H]([C@@H](O)CO)C(O)=C1O	HIPS/molecule-autoencoder all_drugs.smi
Vitamin	Cc1c(C)c2c(c(C)c1O)CC[C@@](C)(CCC[C@H](C)CCC[C@H](C)CCCC(C)C)O2	HIPS/molecule-autoencoder all_drugs.smi
Voglibose	OCC(CO)N[C@H]1C[C@](O)(CO)[C@@H](O)[C@H](O)[C@H]1O	HIPS/molecule-autoencoder all_drugs.smi
Voriconazole	C[C@@H](c1ncncc1F)[C@](O)(Cn1cncn1)c1ccc(F)cc1F	HIPS/molecule-autoencoder all_drugs.smi
Vorinostat	O=C(CCCCCCC(=O)Nc1ccccc1)NO	HIPS/molecule-autoencoder all_drugs.smi
Warfarin	CC(=O)CC(c1ccccc1)c1c(O)c2ccccc2oc1=O	HIPS/molecule-autoencoder all_drugs.smi
Ximelagatran	CCOC(=O)CN[C@@H](C(=O)N1CC[C@H]1C(=O)NCc1ccc(/C(N)=N/O)cc1)C1CCCCC1	HIPS/molecule-autoencoder all_drugs.smi
Xylometazoline	Cc1cc(C(C)(C)C)cc(C)c1CC1=NCCN1	HIPS/molecule-autoencoder all_drugs.smi
Yohimbine	COC(=O)[C@@H]1[C@H]2C[C@H]3c4[nH]c5ccccc5c4CCN3C[C@@H]2CC[C@@H]1O	HIPS/molecule-autoencoder all_drugs.smi
Zalcitabine	Nc1ccn([C@H]2CC[C@@H](CO)O2)c(=O)n1	HIPS/molecule-autoencoder all_drugs.smi
Zaleplon	CCN(C(C)=O)c1cccc(-c2ccnc3c(C#N)cnn23)c1	HIPS/molecule-autoencoder all_drugs.smi
Zanamivir	CC(=O)N[C@H]1[C@H]([C@H](O)[C@H](O)CO)OC(C(=O)O)=C[C@@H]1N=C(N)N	HIPS/molecule-autoencoder all_drugs.smi
Zidovudine	Cc1cn([C@H]2C[C@H](N=[N+]=[N-])[C@@H](CO)O2)c(=O)[nH]c1=O	HIPS/molecule-autoencoder all_drugs.smi
Zileuton	CC(c1cc2ccccc2s1)N(O)C(N)=O	HIPS/molecule-autoencoder all_drugs.smi
Ziprasidone	O=C1Cc2cc(CCN3CCN(c4nsc5ccccc45)CC3)c(Cl)cc2N1	HIPS/molecule-autoencoder all_drugs.smi
Zoledronate	O=P(O)(O)C(O)(Cn1ccnc1)P(=O)(O)O	HIPS/molecule-autoencoder all_drugs.smi
Zolmitriptan	CN(C)CCc1c[nH]c2ccc(C[C@H]3COC(=O)N3)cc12	HIPS/molecule-autoencoder all_drugs.smi
Zolpidem	Cc1ccc(-c2nc3ccc(C)cn3c2CC(=O)N(C)C)cc1	HIPS/molecule-autoencoder all_drugs.smi
Zonisamide	NS(=O)(=O)Cc1noc2ccccc12	HIPS/molecule-autoencoder all_drugs.smi
Zopiclone	CN1CCN(C(=O)OC2c3nccnc3C(=O)N2c2ccc(Cl)cn2)CC1	HIPS/molecule-autoencoder all_drugs.smi
Zuclopenthixol	OCCN1CCN(CC/C=C2/c3ccccc3Sc3ccc(Cl)cc32)CC1	HIPS/molecule-autoencoder all_drugs.smi
